-- phpMyAdmin SQL Dump
-- version 4.4.10
-- http://www.phpmyadmin.net
--
-- Host: localhost
-- Generation Time: May 05, 2016 at 06:15 PM
-- Server version: 5.6.29
-- PHP Version: 5.3.3

SET SQL_MODE = "NO_AUTO_VALUE_ON_ZERO";
SET time_zone = "+00:00";


/*!40101 SET @OLD_CHARACTER_SET_CLIENT=@@CHARACTER_SET_CLIENT */;
/*!40101 SET @OLD_CHARACTER_SET_RESULTS=@@CHARACTER_SET_RESULTS */;
/*!40101 SET @OLD_COLLATION_CONNECTION=@@COLLATION_CONNECTION */;
/*!40101 SET NAMES utf8mb4 */;

--
-- Database: `dev`
--

-- --------------------------------------------------------

--
-- Table structure for table `Account related`
--

CREATE TABLE IF NOT EXISTS `Account related` (
  `identifier` int(11) NOT NULL,
  `username` varchar(255) NOT NULL,
  `comment` text NOT NULL
) ENGINE=InnoDB DEFAULT CHARSET=latin1;

-- --------------------------------------------------------

--
-- Table structure for table `account_tbl`
--

CREATE TABLE IF NOT EXISTS `account_tbl` (
  `identifier` int(11) NOT NULL,
  `accountid` varchar(255) NOT NULL,
  `password` varchar(255) NOT NULL
) ENGINE=InnoDB AUTO_INCREMENT=3 DEFAULT CHARSET=latin1;

--
-- Dumping data for table `account_tbl`
--

INSERT INTO `account_tbl` (`identifier`, `accountid`, `password`) VALUES
(1, 'dips', 'antara'),
(2, 'hinds', 'antara');

-- --------------------------------------------------------

--
-- Table structure for table `cashbag_user`
--

CREATE TABLE IF NOT EXISTS `cashbag_user` (
  `identifier` int(11) NOT NULL,
  `user` varchar(255) NOT NULL,
  `phone` varchar(255) NOT NULL,
  `auditorphone` varchar(15) NOT NULL,
  `startflag` int(11) NOT NULL
) ENGINE=InnoDB AUTO_INCREMENT=62 DEFAULT CHARSET=latin1;

--
-- Dumping data for table `cashbag_user`
--

INSERT INTO `cashbag_user` (`identifier`, `user`, `phone`, `auditorphone`, `startflag`) VALUES
(26, 'Real Buzzer', '8527360080', '', 0),
(57, 'user58', '9998111118', '', 0),
(59, 'user6', '9599398314', '', 0),
(60, 'aashish', '9599343847', '', 0),
(61, 'Testing', '9999999990', '8888888888', 0);

-- --------------------------------------------------------

--
-- Table structure for table `ola_report`
--

CREATE TABLE IF NOT EXISTS `ola_report` (
  `identifier` int(11) NOT NULL,
  `deviceid` varchar(255) NOT NULL,
  `timefrom` int(11) NOT NULL,
  `timeto` int(11) NOT NULL,
  `createdon` int(11) NOT NULL
) ENGINE=InnoDB AUTO_INCREMENT=3 DEFAULT CHARSET=latin1;

--
-- Dumping data for table `ola_report`
--

INSERT INTO `ola_report` (`identifier`, `deviceid`, `timefrom`, `timeto`, `createdon`) VALUES
(1, 'device7', 1453055400, 1453140000, 0),
(2, 'ALL-GT06N-1', 1453055400, 1453140000, 0);

-- --------------------------------------------------------

--
-- Table structure for table `ola_report_data`
--

CREATE TABLE IF NOT EXISTS `ola_report_data` (
  `identifier` int(11) NOT NULL,
  `reportid` int(11) NOT NULL,
  `latitude` double NOT NULL,
  `longitude` double NOT NULL,
  `positiontime` int(11) NOT NULL
) ENGINE=InnoDB AUTO_INCREMENT=1296 DEFAULT CHARSET=latin1;

--
-- Dumping data for table `ola_report_data`
--

INSERT INTO `ola_report_data` (`identifier`, `reportid`, `latitude`, `longitude`, `positiontime`) VALUES
(1, 1, 28.55567111111111, 77.37283555555555, 1453057269),
(2, 1, 28.555835555555557, 77.3728888888889, 1453088319),
(3, 1, 28.555835555555557, 77.3728888888889, 1453088321),
(4, 1, 28.555704444444444, 77.37270222222222, 1453101152),
(5, 1, 28.555713333333333, 77.37277333333333, 1453101447),
(6, 1, 28.555713333333333, 77.37277333333333, 1453101476),
(7, 1, 28.555835555555557, 77.37272, 1453101543),
(8, 1, 28.55572888888889, 77.37279111111111, 1453101602),
(9, 1, 28.555733333333333, 77.37279111111111, 1453101609),
(10, 1, 28.555688888888888, 77.37275555555556, 1453101880),
(11, 1, 28.555684444444445, 77.37274666666667, 1453101911),
(12, 1, 28.555688888888888, 77.37274666666667, 1453101970),
(13, 1, 28.555684444444445, 77.37274666666667, 1453101977),
(14, 1, 28.555777777777777, 77.37279111111111, 1453102812),
(15, 1, 28.557573333333334, 77.37169777777778, 1453102830),
(16, 1, 28.557573333333334, 77.37169777777778, 1453102832),
(17, 1, 28.559566666666665, 77.37037333333333, 1453102852),
(18, 1, 28.56075111111111, 77.36765333333334, 1453102910),
(19, 1, 28.560826666666667, 77.36783111111112, 1453102913),
(20, 1, 28.562506666666668, 77.36789333333333, 1453102944),
(21, 1, 28.562964444444443, 77.36791111111111, 1453102993),
(22, 1, 28.562897777777778, 77.36786666666667, 1453103134),
(23, 1, 28.56269111111111, 77.36780444444445, 1453103317),
(24, 1, 28.56196222222222, 77.36773333333333, 1453103337),
(25, 1, 28.56129111111111, 77.36769777777778, 1453103357),
(26, 1, 28.560746666666667, 77.36786666666667, 1453103373),
(27, 1, 28.559826666666666, 77.37021333333334, 1453103399),
(28, 1, 28.557917777777778, 77.37160888888889, 1453103419),
(29, 1, 28.55662, 77.37233777777777, 1453103439),
(30, 1, 28.554995555555557, 77.37354666666667, 1453103461),
(31, 1, 28.55574888888889, 77.37282666666667, 1453103506),
(32, 1, 28.55574888888889, 77.37282666666667, 1453104005),
(33, 1, 28.55574888888889, 77.37282666666667, 1453104006),
(34, 1, 28.555453333333332, 77.37314666666667, 1453104695),
(35, 1, 28.555453333333332, 77.37314666666667, 1453104697),
(36, 1, 28.555046666666666, 77.37372444444445, 1453104711),
(37, 1, 28.554928888888888, 77.37706666666666, 1453104779),
(38, 1, 28.557384444444445, 77.37887111111111, 1453104799),
(39, 1, 28.558724444444444, 77.37978666666666, 1453104810),
(40, 1, 28.56182, 77.38012444444445, 1453104839),
(41, 1, 28.563493333333334, 77.38004444444445, 1453104868),
(42, 1, 28.564273333333333, 77.37998222222222, 1453104888),
(43, 1, 28.564775555555556, 77.37998222222222, 1453104906),
(44, 1, 28.56647111111111, 77.37981333333333, 1453104956),
(45, 1, 28.56662222222222, 77.38108444444444, 1453105003),
(46, 1, 28.56662222222222, 77.38108444444444, 1453105025),
(47, 1, 28.566275555555556, 77.38076444444444, 1453105841),
(48, 1, 28.566344444444443, 77.37967111111111, 1453105858),
(49, 1, 28.55404, 77.37689777777778, 1453106035),
(50, 1, 28.553535555555555, 77.37544, 1453106075),
(51, 1, 28.55452222222222, 77.37444444444445, 1453106095),
(52, 1, 28.555315555555556, 77.37368888888889, 1453106115),
(53, 1, 28.555764444444446, 77.37284444444444, 1453106195),
(54, 1, 28.555764444444446, 77.37284444444444, 1453106196),
(55, 1, 28.55567111111111, 77.37293333333334, 1453106919),
(56, 1, 28.555331111111112, 77.37317333333333, 1453106942),
(57, 1, 28.55496888888889, 77.37346666666667, 1453106978),
(58, 1, 28.55496888888889, 77.37346666666667, 1453106980),
(59, 1, 28.55413777777778, 77.37442666666666, 1453107000),
(60, 1, 28.552844444444446, 77.37235555555556, 1453107037),
(61, 1, 28.55286, 77.37226666666666, 1453107039),
(62, 1, 28.552802222222223, 77.3696, 1453107077),
(63, 1, 28.550048888888888, 77.36936, 1453107109),
(64, 1, 28.550357777777776, 77.37176, 1453107132),
(65, 1, 28.548922222222224, 77.37182222222222, 1453107164),
(66, 1, 28.548864444444444, 77.37343111111112, 1453107184),
(67, 1, 28.5491, 77.37366222222222, 1453107201),
(68, 1, 28.548775555555554, 77.37372444444445, 1453107232),
(69, 1, 28.548824444444445, 77.37358222222223, 1453107287),
(70, 1, 28.548824444444445, 77.37358222222223, 1453107287),
(71, 1, 28.548784444444443, 77.37352888888888, 1453107653),
(72, 1, 28.548857777777776, 77.37264888888889, 1453107740),
(73, 1, 28.548917777777778, 77.37179555555555, 1453107750),
(74, 1, 28.549955555555556, 77.37180444444445, 1453107771),
(75, 1, 28.551435555555557, 77.37193777777777, 1453107791),
(76, 1, 28.552766666666667, 77.37208, 1453107814),
(77, 1, 28.55304, 77.3695288888889, 1453107847),
(78, 1, 28.55326, 77.36643555555555, 1453107877),
(79, 1, 28.553413333333335, 77.36465777777778, 1453107897),
(80, 1, 28.555086666666668, 77.36252444444445, 1453107923),
(81, 1, 28.555264444444443, 77.36042666666667, 1453107943),
(82, 1, 28.55556222222222, 77.3568, 1453107983),
(83, 1, 28.55566888888889, 77.35674666666667, 1453107985),
(84, 1, 28.557486666666666, 77.35691555555556, 1453108005),
(85, 1, 28.560042222222222, 77.35718222222222, 1453108040),
(86, 1, 28.559908888888888, 77.35590222222223, 1453108076),
(87, 1, 28.560497777777776, 77.35584, 1453108096),
(88, 1, 28.560564444444445, 77.35514666666667, 1453108133),
(89, 1, 28.560582222222223, 77.35493333333334, 1453108137),
(90, 1, 28.560686666666665, 77.35308444444445, 1453108173),
(91, 1, 28.560766666666666, 77.35216888888888, 1453108193),
(92, 1, 28.560795555555554, 77.35173333333333, 1453108234),
(93, 1, 28.560795555555554, 77.35173333333333, 1453108236),
(94, 1, 28.560766666666666, 77.35181333333334, 1453108437),
(95, 1, 28.560673333333334, 77.35297777777778, 1453108458),
(96, 1, 28.560664444444445, 77.35300444444445, 1453108459),
(97, 1, 28.560004444444445, 77.35439111111111, 1453108497),
(98, 1, 28.559928888888887, 77.35547555555556, 1453108517),
(99, 1, 28.558666666666667, 77.35583111111112, 1453108549),
(100, 1, 28.557055555555557, 77.35573333333333, 1453108581),
(101, 1, 28.5566, 77.35680888888889, 1453108609),
(102, 1, 28.555453333333332, 77.35823111111111, 1453108651),
(103, 1, 28.555366666666668, 77.35950222222222, 1453108671),
(104, 1, 28.55519333333333, 77.36188444444444, 1453108711),
(105, 1, 28.554093333333334, 77.36376888888888, 1453108744),
(106, 1, 28.553535555555555, 77.36446222222222, 1453108760),
(107, 1, 28.55329111111111, 77.36690666666667, 1453108800),
(108, 1, 28.553186666666665, 77.36827555555556, 1453108820),
(109, 1, 28.552844444444446, 77.37221333333333, 1453108880),
(110, 1, 28.552882222222223, 77.37313777777777, 1453108895),
(111, 1, 28.553564444444444, 77.37397333333334, 1453108915),
(112, 1, 28.554853333333334, 77.37367111111111, 1453108949),
(113, 1, 28.555797777777777, 77.37282666666667, 1453109013),
(114, 1, 28.555797777777777, 77.37282666666667, 1453109014),
(115, 1, 28.555797777777777, 77.37282666666667, 1453109014),
(116, 1, 28.555797777777777, 77.37282666666667, 1453113166),
(117, 1, 28.555797777777777, 77.37282666666667, 1453123971),
(118, 1, 28.555782222222224, 77.37285333333334, 1453124066),
(119, 1, 28.555782222222224, 77.37284444444444, 1453124163),
(120, 1, 28.555777777777777, 77.37284444444444, 1453124260),
(121, 1, 28.555322222222223, 77.37317333333333, 1453124520),
(122, 1, 28.55528, 77.37328, 1453124539),
(123, 1, 28.55528, 77.37328, 1453124541),
(124, 1, 28.555033333333334, 77.37374222222222, 1453124552),
(125, 1, 28.552895555555555, 77.37634666666666, 1453124607),
(126, 1, 28.553686666666668, 77.37656, 1453124617),
(127, 1, 28.55650222222222, 77.37808, 1453124647),
(128, 1, 28.55694888888889, 77.37889777777778, 1453124667),
(129, 1, 28.559964444444443, 77.38059555555556, 1453124705),
(130, 1, 28.560746666666667, 77.38056888888889, 1453124713),
(131, 1, 28.56344888888889, 77.38013333333333, 1453124745),
(132, 1, 28.563982222222222, 77.38060444444444, 1453124766),
(133, 1, 28.56228888888889, 77.38225777777778, 1453124796),
(134, 1, 28.56101333333333, 77.38328888888888, 1453124810),
(135, 1, 28.558655555555557, 77.3852, 1453124836),
(136, 1, 28.557457777777778, 77.38632888888888, 1453124859),
(137, 1, 28.55786888888889, 77.38631111111111, 1453124905),
(138, 1, 28.55786888888889, 77.38631111111111, 1453124905),
(139, 1, 28.55744222222222, 77.38632, 1453125682),
(140, 1, 28.557873333333333, 77.38581333333333, 1453125700),
(141, 1, 28.559986666666667, 77.38412444444444, 1453125732),
(142, 1, 28.561344444444444, 77.38302222222222, 1453125752),
(143, 1, 28.562762222222222, 77.38186666666667, 1453125772),
(144, 1, 28.563953333333334, 77.38098666666667, 1453125792),
(145, 1, 28.563753333333334, 77.38003555555555, 1453125810),
(146, 1, 28.56035333333333, 77.38043555555555, 1453125850),
(147, 1, 28.558411111111113, 77.37984888888889, 1453125870),
(148, 1, 28.556813333333334, 77.37860444444445, 1453125890),
(149, 1, 28.553333333333335, 77.37673777777778, 1453125930),
(150, 1, 28.552784444444445, 77.37620444444444, 1453125975),
(151, 1, 28.553344444444445, 77.37557333333334, 1453125991),
(152, 1, 28.554224444444444, 77.37463111111111, 1453126015),
(153, 1, 28.554915555555556, 77.37406222222222, 1453126035),
(154, 1, 28.555244444444444, 77.3736088888889, 1453126058),
(155, 1, 28.555653333333332, 77.37290666666667, 1453126086),
(156, 1, 28.555653333333332, 77.37290666666667, 1453126087),
(157, 1, 28.55571777777778, 77.37279111111111, 1453126116),
(158, 1, 28.55571777777778, 77.37279111111111, 1453126117),
(159, 1, 28.555035555555556, 77.37338666666666, 1453128399),
(160, 1, 28.555035555555556, 77.37338666666666, 1453128401),
(161, 1, 28.552124444444445, 77.37626666666667, 1453128482),
(162, 1, 28.552124444444445, 77.37626666666667, 1453128484),
(163, 1, 28.54813111111111, 77.37516444444445, 1453128537),
(164, 1, 28.546017777777777, 77.37431111111111, 1453128573),
(165, 1, 28.546053333333333, 77.37238222222223, 1453128594),
(166, 1, 28.546053333333333, 77.36990222222222, 1453128623),
(167, 1, 28.545471111111112, 77.36980444444444, 1453128653),
(168, 1, 28.545215555555554, 77.37037333333333, 1453128673),
(169, 1, 28.545202222222223, 77.37041777777777, 1453128691),
(170, 1, 28.545197777777776, 77.37041777777777, 1453128711),
(171, 1, 28.54536, 77.37015111111111, 1453129128),
(172, 1, 28.54545111111111, 77.36984, 1453129137),
(173, 1, 28.5463, 77.36984, 1453129162),
(174, 1, 28.546806666666665, 77.36538666666667, 1453129210),
(175, 1, 28.54788, 77.36430222222222, 1453129234),
(176, 1, 28.552966666666666, 77.37015111111111, 1453129369),
(177, 1, 28.55282888888889, 77.37180444444445, 1453129389),
(178, 1, 28.553811111111113, 77.37430222222223, 1453129427),
(179, 1, 28.555115555555556, 77.3732888888889, 1453129453),
(180, 1, 28.555115555555556, 77.3732888888889, 1453129454),
(181, 1, 28.555408888888888, 77.37308444444444, 1453129495),
(182, 1, 28.555208888888888, 77.37328, 1453130093),
(183, 1, 28.555164444444443, 77.37334222222222, 1453130093),
(184, 1, 28.555164444444443, 77.37334222222222, 1453130095),
(185, 1, 28.553873333333332, 77.37496888888889, 1453130135),
(186, 1, 28.555117777777777, 77.3772, 1453130183),
(187, 1, 28.55594, 77.37768, 1453130190),
(188, 1, 28.559855555555554, 77.38016, 1453130223),
(189, 1, 28.5626, 77.37992, 1453130243),
(190, 1, 28.56448888888889, 77.37962666666667, 1453130263),
(191, 1, 28.566466666666667, 77.37942222222222, 1453130286),
(192, 1, 28.57040888888889, 77.37880888888888, 1453130323),
(193, 1, 28.571184444444444, 77.37881777777778, 1453130339),
(194, 1, 28.571586666666665, 77.38456, 1453130383),
(195, 1, 28.57170888888889, 77.38728, 1453130407),
(196, 1, 28.571862222222222, 77.38990222222222, 1453130427),
(197, 1, 28.57232, 77.39379555555556, 1453130464),
(198, 1, 28.573677777777778, 77.39368, 1453130480),
(199, 1, 28.575, 77.39335111111112, 1453130501),
(200, 1, 28.574933333333334, 77.39292444444445, 1453130541),
(201, 1, 28.57497111111111, 77.39291555555556, 1453130656),
(202, 1, 28.575675555555556, 77.39245333333334, 1453130680),
(203, 1, 28.575533333333333, 77.39189333333333, 1453130694),
(204, 1, 28.575497777777777, 77.39179555555556, 1453130739),
(205, 1, 28.575797777777776, 77.39252444444445, 1453130967),
(206, 1, 28.575784444444444, 77.39283555555555, 1453130972),
(207, 1, 28.575033333333334, 77.39339555555556, 1453130994),
(208, 1, 28.573644444444444, 77.39368888888889, 1453131020),
(209, 1, 28.57215111111111, 77.39376, 1453131040),
(210, 1, 28.571866666666665, 77.39104888888889, 1453131072),
(211, 1, 28.571755555555555, 77.39026666666666, 1453131118),
(212, 1, 28.57162, 77.39035555555556, 1453131242),
(213, 1, 28.571566666666666, 77.3905688888889, 1453131248),
(214, 1, 28.57096222222222, 77.39045333333334, 1453131271),
(215, 1, 28.568953333333333, 77.39096888888889, 1453131317),
(216, 1, 28.56886, 77.39024, 1453131351),
(217, 1, 28.568886666666668, 77.3902311111111, 1453131378),
(218, 1, 28.56916, 77.38907555555555, 1453131871),
(219, 1, 28.56932888888889, 77.38908444444445, 1453131877),
(220, 1, 28.571386666666665, 77.38296888888888, 1453132044),
(221, 1, 28.57121111111111, 77.38082666666666, 1453132064),
(222, 1, 28.571122222222222, 77.37904888888889, 1453132084),
(223, 1, 28.56937111111111, 77.37913777777777, 1453132107),
(224, 1, 28.56604, 77.3796888888889, 1453132147),
(225, 1, 28.56503111111111, 77.37989333333333, 1453132161),
(226, 1, 28.563806666666668, 77.37995555555555, 1453132187),
(227, 1, 28.56231777777778, 77.38022222222222, 1453132207),
(228, 1, 28.55824888888889, 77.37976888888889, 1453132247),
(229, 1, 28.55476888888889, 77.37727111111111, 1453132287),
(230, 1, 28.553637777777777, 77.37527111111112, 1453132345),
(231, 1, 28.55406888888889, 77.37483555555555, 1453132355),
(232, 1, 28.554906666666668, 77.37403555555555, 1453132385),
(233, 1, 28.555228888888887, 77.37362666666667, 1453132422),
(234, 1, 28.554995555555557, 77.37354666666667, 1453132431),
(235, 1, 28.555508888888887, 77.37305777777777, 1453132499),
(236, 1, 28.555508888888887, 77.37305777777777, 1453132500),
(237, 1, 28.554577777777777, 77.37384888888889, 1453132614),
(238, 1, 28.552815555555554, 77.37316444444444, 1453132649),
(239, 1, 28.552815555555554, 77.37316444444444, 1453132651),
(240, 1, 28.550793333333335, 77.37231111111112, 1453132711),
(241, 1, 28.550813333333334, 77.37235555555556, 1453132773),
(242, 1, 28.551293333333334, 77.372, 1453133130),
(243, 1, 28.551402222222222, 77.37197333333333, 1453133133),
(244, 1, 28.55449777777778, 77.37395555555555, 1453133384),
(245, 1, 28.552802222222223, 77.37292444444445, 1453133421),
(246, 1, 28.552864444444445, 77.37112, 1453133441),
(247, 1, 28.553015555555554, 77.36912, 1453133461),
(248, 1, 28.553262222222223, 77.36494222222223, 1453133496),
(249, 1, 28.55113111111111, 77.36465777777778, 1453133519),
(250, 1, 28.55122666666667, 77.36286222222222, 1453133541),
(251, 1, 28.550166666666666, 77.35912, 1453133574),
(252, 1, 28.550342222222223, 77.35651555555556, 1453133594),
(253, 1, 28.54794888888889, 77.35611555555556, 1453133620),
(254, 1, 28.54737111111111, 77.35521777777778, 1453133635),
(255, 1, 28.545951111111112, 77.35505777777777, 1453133695),
(256, 1, 28.54616, 77.35546666666667, 1453133753),
(257, 1, 28.546146666666665, 77.3556711111111, 1453133757),
(258, 1, 28.54607777777778, 77.35634666666667, 1453133777),
(259, 1, 28.546, 77.35659555555556, 1453133830),
(260, 1, 28.54587777777778, 77.35637333333334, 1453134131),
(261, 1, 28.546031111111112, 77.35556444444444, 1453134150),
(262, 1, 28.545813333333335, 77.35511111111111, 1453134221),
(263, 1, 28.545906666666667, 77.35491555555555, 1453134290),
(264, 1, 28.54618222222222, 77.35449777777778, 1453134303),
(265, 1, 28.54701777777778, 77.35504888888889, 1453134330),
(266, 1, 28.547431111111113, 77.35582222222222, 1453134350),
(267, 1, 28.549073333333332, 77.35630222222223, 1453134382),
(268, 1, 28.550048888888888, 77.35637333333334, 1453134400),
(269, 1, 28.550364444444444, 77.35691555555556, 1453134416),
(270, 1, 28.55026888888889, 77.35798222222222, 1453134436),
(271, 1, 28.550244444444445, 77.35959111111111, 1453134465),
(272, 1, 28.550824444444444, 77.36043555555555, 1453134485),
(273, 1, 28.55124, 77.36256, 1453134525),
(274, 1, 28.55116888888889, 77.3638488888889, 1453134545),
(275, 1, 28.552417777777777, 77.36469333333334, 1453134583),
(276, 1, 28.552962222222224, 77.36475555555556, 1453134594),
(277, 1, 28.5533, 77.36497777777778, 1453134611),
(278, 1, 28.553324444444446, 77.36631111111112, 1453134635),
(279, 1, 28.553162222222223, 77.36892444444445, 1453134675),
(280, 1, 28.553104444444443, 77.36972444444444, 1453134690),
(281, 1, 28.552957777777777, 77.37129777777778, 1453134715),
(282, 1, 28.552893333333333, 77.37244444444444, 1453134735),
(283, 1, 28.55377111111111, 77.37424888888889, 1453134768),
(284, 1, 28.55413111111111, 77.37437333333334, 1453134778),
(285, 1, 28.555477777777778, 77.37304888888889, 1453134845),
(286, 1, 28.555477777777778, 77.37304888888889, 1453134846),
(287, 1, 28.555402222222224, 77.37310222222222, 1453135291),
(288, 1, 28.555402222222224, 77.37310222222222, 1453135292),
(289, 1, 28.555237777777776, 77.37359111111111, 1453135316),
(290, 1, 28.555237777777776, 77.37359111111111, 1453135318),
(291, 1, 28.57148888888889, 77.38508444444444, 1453135666),
(292, 1, 28.57148888888889, 77.38508444444444, 1453135668),
(293, 1, 28.57150888888889, 77.3842311111111, 1453136896),
(294, 1, 28.57139111111111, 77.38188444444444, 1453136938),
(295, 1, 28.571366666666666, 77.38083555555555, 1453136958),
(296, 1, 28.571337777777778, 77.38064888888889, 1453136987),
(297, 1, 28.571324444444443, 77.38056, 1453137038),
(298, 1, 28.571277777777777, 77.37932444444445, 1453137058),
(299, 1, 28.57105333333333, 77.37892444444445, 1453137068),
(300, 1, 28.569375555555556, 77.37912888888889, 1453137088),
(301, 1, 28.56662888888889, 77.37951111111111, 1453137128),
(302, 1, 28.565368888888887, 77.37984888888889, 1453137148),
(303, 1, 28.564151111111112, 77.37992, 1453137168),
(304, 1, 28.563008888888888, 77.38009777777778, 1453137185),
(305, 1, 28.561713333333334, 77.38032, 1453137208),
(306, 1, 28.55896, 77.38009777777778, 1453137248),
(307, 1, 28.557671111111112, 77.37936, 1453137268),
(308, 1, 28.556806666666667, 77.37859555555555, 1453137282),
(309, 1, 28.55492, 77.37731555555555, 1453137308),
(310, 1, 28.55270888888889, 77.37632888888889, 1453137343),
(311, 1, 28.553606666666667, 77.37527111111112, 1453137363),
(312, 1, 28.55444, 77.37441777777778, 1453137379),
(313, 1, 28.555046666666666, 77.37385777777777, 1453137403),
(314, 1, 28.555, 77.37352, 1453137425),
(315, 1, 28.55566, 77.37280888888888, 1453137475),
(316, 1, 28.55566, 77.37280888888888, 1453137476),
(317, 1, 28.55566, 77.37280888888888, 1453137488),
(318, 1, 28.555746666666668, 77.37280888888888, 1453138092),
(319, 1, 28.555857777777778, 77.37272888888889, 1453138142),
(320, 1, 28.557648888888888, 77.37170666666667, 1453138161),
(321, 1, 28.557648888888888, 77.37170666666667, 1453138163),
(322, 1, 28.56042, 77.3688, 1453138203),
(323, 1, 28.559586666666668, 77.36745777777777, 1453138240),
(324, 1, 28.55817111111111, 77.3673511111111, 1453138260),
(325, 1, 28.55768888888889, 77.36654222222222, 1453138291),
(326, 1, 28.558844444444443, 77.36665777777777, 1453138311),
(327, 1, 28.559815555555556, 77.36697777777778, 1453138359),
(328, 1, 28.55981111111111, 77.36698666666666, 1453138374),
(329, 1, 28.559566666666665, 77.36670222222222, 1453138816),
(330, 1, 28.559448888888888, 77.36668444444445, 1453138820),
(331, 1, 28.5575, 77.36667555555556, 1453138879),
(332, 1, 28.55760666666667, 77.36733333333333, 1453138899),
(333, 1, 28.558131111111113, 77.36734222222222, 1453138919),
(334, 1, 28.559464444444444, 77.36751111111111, 1453138959),
(335, 1, 28.56016, 77.36756444444444, 1453138979),
(336, 1, 28.560477777777777, 77.368, 1453138995),
(337, 1, 28.560277777777777, 77.36909333333334, 1453139015),
(338, 1, 28.55959111111111, 77.37040888888889, 1453139055),
(339, 1, 28.55882, 77.37096, 1453139075),
(340, 1, 28.55794, 77.37145777777778, 1453139095),
(341, 1, 28.55708, 77.37194666666667, 1453139115),
(342, 1, 28.55638888888889, 77.37242666666667, 1453139135),
(343, 1, 28.555835555555557, 77.37270222222222, 1453139176),
(344, 1, 28.555835555555557, 77.37270222222222, 1453139177),
(345, 1, 28.555933333333332, 77.37268444444445, 1453139376),
(346, 1, 28.557457777777778, 77.37177777777778, 1453139392),
(347, 1, 28.557457777777778, 77.37177777777778, 1453139394),
(348, 1, 28.559695555555557, 77.37026666666667, 1453139416),
(349, 1, 28.560693333333333, 77.36743111111112, 1453139451),
(350, 1, 28.56215111111111, 77.36782222222222, 1453139478),
(351, 1, 28.562704444444446, 77.36756444444444, 1453139499),
(352, 1, 28.562886666666667, 77.36622222222222, 1453139543),
(353, 1, 28.562704444444446, 77.36768, 1453139563),
(354, 1, 28.56308888888889, 77.36770666666666, 1453139581),
(355, 1, 28.563375555555556, 77.36620444444445, 1453139632),
(356, 1, 28.563375555555556, 77.36620444444445, 1453139632),
(357, 1, 28.563366666666667, 77.36630222222222, 1453140028),
(358, 1, 28.563235555555554, 77.36734222222222, 1453140048),
(359, 2, 25.4383688888889, 81.8815644444444, 1453056120),
(360, 2, 25.4380555555556, 81.8814044444444, 1453056130),
(361, 2, 25.4379644444444, 81.8812622222222, 1453056134),
(362, 2, 25.4380088888889, 81.8810311111111, 1453056138),
(363, 2, 25.4383244444444, 81.8805866666667, 1453056148),
(364, 2, 25.4390288888889, 81.8798666666667, 1453056158),
(365, 2, 25.4396688888889, 81.8791288888889, 1453056168),
(366, 2, 25.4397533333333, 81.8787733333333, 1453056177),
(367, 2, 25.4390533333333, 81.8787822222222, 1453056187),
(368, 2, 25.4381422222222, 81.8787822222222, 1453056197),
(369, 2, 25.43738, 81.8787733333333, 1453056207),
(370, 2, 25.4366688888889, 81.8787288888889, 1453056217),
(371, 2, 25.4364711111111, 81.8785422222222, 1453056226),
(372, 2, 25.4364466666667, 81.8779466666667, 1453056236),
(373, 2, 25.4364577777778, 81.8774666666667, 1453056246),
(374, 2, 25.4364422222222, 81.87696, 1453056256),
(375, 2, 25.4364644444444, 81.8768533333333, 1453056284),
(376, 2, 25.4365822222222, 81.8767733333333, 1453057374),
(377, 2, 25.4364955555556, 81.8768977777778, 1453057408),
(378, 2, 25.4364844444444, 81.8764, 1453057418),
(379, 2, 25.4366644444444, 81.8762844444444, 1453057424),
(380, 2, 25.4370644444444, 81.8762666666667, 1453057434),
(381, 2, 25.4378622222222, 81.8763111111111, 1453057444),
(382, 2, 25.4388844444444, 81.8763555555556, 1453057454),
(383, 2, 25.4396866666667, 81.8763644444444, 1453057464),
(384, 2, 25.4399177777778, 81.8763644444444, 1453057474),
(385, 2, 25.4398488888889, 81.8764266666667, 1453057490),
(386, 2, 25.4391133333333, 81.8763911111111, 1453057500),
(387, 2, 25.4389911111111, 81.8764, 1453057502),
(388, 2, 25.43892, 81.87656, 1453057505),
(389, 2, 25.4388044444444, 81.8775377777778, 1453057515),
(390, 2, 25.43868, 81.8785777777778, 1453057525),
(391, 2, 25.4387355555556, 81.8787111111111, 1453057528),
(392, 2, 25.4389422222222, 81.8787377777778, 1453057532),
(393, 2, 25.4396955555556, 81.87872, 1453057542),
(394, 2, 25.44, 81.87864, 1453057547),
(395, 2, 25.44036, 81.8779911111111, 1453057555),
(396, 2, 25.4404422222222, 81.8769155555556, 1453057565),
(397, 2, 25.4404644444444, 81.87656, 1453057575),
(398, 2, 25.4404666666667, 81.8764533333333, 1453057589),
(399, 2, 25.4405933333333, 81.8764177777778, 1453057625),
(400, 2, 25.4408333333333, 81.8764622222222, 1453057635),
(401, 2, 25.44114, 81.8764177777778, 1453057645),
(402, 2, 25.4417911111111, 81.8764977777778, 1453057655),
(403, 2, 25.4427488888889, 81.8765244444444, 1453057665),
(404, 2, 25.4436133333333, 81.8766133333333, 1453057675),
(405, 2, 25.4438622222222, 81.8765866666667, 1453057682),
(406, 2, 25.4441088888889, 81.8762755555555, 1453057692),
(407, 2, 25.4442222222222, 81.8756088888889, 1453057702),
(408, 2, 25.4443622222222, 81.8755377777778, 1453057708),
(409, 2, 25.4448422222222, 81.8755911111111, 1453057718),
(410, 2, 25.4452377777778, 81.8756444444444, 1453057758),
(411, 2, 25.4458133333333, 81.8757422222222, 1453057768),
(412, 2, 25.4463533333333, 81.8758044444444, 1453057778),
(413, 2, 25.4464022222222, 81.8758222222222, 1453057798),
(414, 2, 25.4469311111111, 81.8758577777778, 1453057808),
(415, 2, 25.4479844444444, 81.87584, 1453057818),
(416, 2, 25.4498511111111, 81.8756977777778, 1453057838),
(417, 2, 25.4513933333333, 81.8754755555555, 1453057848),
(418, 2, 25.4527466666667, 81.8751555555555, 1453057858),
(419, 2, 25.4544311111111, 81.8750222222222, 1453057868),
(420, 2, 25.4561955555556, 81.8747555555555, 1453057878),
(421, 2, 25.4573133333333, 81.87464, 1453057888),
(422, 2, 25.4574044444444, 81.8746222222222, 1453057908),
(423, 2, 25.4574, 81.8746311111111, 1453057927),
(424, 2, 25.4564111111111, 81.8747288888889, 1453057937),
(425, 2, 25.45514, 81.8748888888889, 1453057947),
(426, 2, 25.4537822222222, 81.8751022222222, 1453057957),
(427, 2, 25.4524333333333, 81.8751733333333, 1453057967),
(428, 2, 25.4516066666667, 81.8753511111111, 1453057977),
(429, 2, 25.4506022222222, 81.8755911111111, 1453057987),
(430, 2, 25.4495911111111, 81.8757777777778, 1453057997),
(431, 2, 25.4485911111111, 81.8758666666667, 1453058007),
(432, 2, 25.4480888888889, 81.8758933333333, 1453058017),
(433, 2, 25.4475488888889, 81.8759377777778, 1453058027),
(434, 2, 25.4475822222222, 81.8758666666667, 1453058045),
(435, 2, 25.4474688888889, 81.8759377777778, 1453082383),
(436, 2, 25.4472133333333, 81.8759555555555, 1453082393),
(437, 2, 25.4465577777778, 81.8758933333333, 1453082403),
(438, 2, 25.4464, 81.8759022222222, 1453082419),
(439, 2, 25.4462422222222, 81.8757777777778, 1453086075),
(440, 2, 25.4457977777778, 81.8757333333333, 1453086085),
(441, 2, 25.4452377777778, 81.87568, 1453086095),
(442, 2, 25.4445733333333, 81.8756177777778, 1453086105),
(443, 2, 25.4442355555556, 81.8752888888889, 1453086125),
(444, 2, 25.4440266666667, 81.8750577777778, 1453086171),
(445, 2, 25.4443666666667, 81.8751288888889, 1453091711),
(446, 2, 25.4442666666667, 81.8754044444444, 1453092398),
(447, 2, 25.4443911111111, 81.8754844444444, 1453092408),
(448, 2, 25.44464, 81.87552, 1453092418),
(449, 2, 25.4450733333333, 81.8755911111111, 1453092428),
(450, 2, 25.4456111111111, 81.87568, 1453092438),
(451, 2, 25.4461466666667, 81.8757422222222, 1453092448),
(452, 2, 25.4466888888889, 81.8758133333333, 1453092458),
(453, 2, 25.4473, 81.8758311111111, 1453092478),
(454, 2, 25.4478755555556, 81.8758311111111, 1453092488),
(455, 2, 25.4482488888889, 81.8758488888889, 1453092498),
(456, 2, 25.44858, 81.8758311111111, 1453092508),
(457, 2, 25.4490155555556, 81.8758577777778, 1453092518),
(458, 2, 25.4498133333333, 81.8758222222222, 1453092528),
(459, 2, 25.4505488888889, 81.8756444444444, 1453092538),
(460, 2, 25.4509044444444, 81.8755555555555, 1453092548),
(461, 2, 25.4512377777778, 81.8754755555555, 1453092558),
(462, 2, 25.45176, 81.8753066666667, 1453092568),
(463, 2, 25.4520422222222, 81.8752177777778, 1453092578),
(464, 2, 25.4523955555556, 81.8751555555555, 1453092588),
(465, 2, 25.4534688888889, 81.8751022222222, 1453092658),
(466, 2, 25.4552888888889, 81.8748622222222, 1453092688),
(467, 2, 25.4560288888889, 81.8747555555555, 1453092698),
(468, 2, 25.4572, 81.8746222222222, 1453092708),
(469, 2, 25.4575711111111, 81.8745511111111, 1453092713),
(470, 2, 25.4578644444444, 81.87336, 1453092726),
(471, 2, 25.4578133333333, 81.8724177777778, 1453092736),
(472, 2, 25.4578822222222, 81.8717333333333, 1453092746),
(473, 2, 25.4579311111111, 81.8709511111111, 1453092756),
(474, 2, 25.4579444444444, 81.8702222222222, 1453092766),
(475, 2, 25.4579444444444, 81.8696177777778, 1453092776),
(476, 2, 25.4578688888889, 81.8690755555555, 1453092786),
(477, 2, 25.4578311111111, 81.8685777777778, 1453092796),
(478, 2, 25.4579844444444, 81.8678577777778, 1453092812),
(479, 2, 25.4582822222222, 81.8673422222222, 1453092822),
(480, 2, 25.4584955555556, 81.8669333333333, 1453092832),
(481, 2, 25.4586288888889, 81.86624, 1453092852),
(482, 2, 25.45876, 81.8661422222222, 1453092859),
(483, 2, 25.4594777777778, 81.8661866666667, 1453092869),
(484, 2, 25.4600911111111, 81.8660622222222, 1453092879),
(485, 2, 25.4604822222222, 81.8658577777778, 1453092889),
(486, 2, 25.4607955555556, 81.8655466666667, 1453092899),
(487, 2, 25.4611066666667, 81.8653688888889, 1453092909),
(488, 2, 25.4617244444444, 81.8655911111111, 1453092919),
(489, 2, 25.4624333333333, 81.8653688888889, 1453092929),
(490, 2, 25.4635888888889, 81.8647911111111, 1453092949),
(491, 2, 25.4638844444444, 81.86512, 1453092959),
(492, 2, 25.4642977777778, 81.8652622222222, 1453092979),
(493, 2, 25.4645711111111, 81.8650488888889, 1453092989),
(494, 2, 25.4648777777778, 81.8648266666667, 1453092999),
(495, 2, 25.4651355555556, 81.8645955555555, 1453093009),
(496, 2, 25.4656288888889, 81.8643288888889, 1453093018),
(497, 2, 25.4663511111111, 81.8644977777778, 1453093028),
(498, 2, 25.4668288888889, 81.8644266666667, 1453093038),
(499, 2, 25.4672222222222, 81.8640266666667, 1453093046),
(500, 2, 25.46764, 81.8634755555555, 1453093056),
(501, 2, 25.46782, 81.8635733333333, 1453093069),
(502, 2, 25.4681644444444, 81.8640266666667, 1453093079),
(503, 2, 25.4684133333333, 81.8643733333333, 1453093089),
(504, 2, 25.4687266666667, 81.8648533333333, 1453093099),
(505, 2, 25.4688266666667, 81.8651111111111, 1453093109),
(506, 2, 25.4687466666667, 81.8653866666667, 1453093119),
(507, 2, 25.4684777777778, 81.8658933333333, 1453093129),
(508, 2, 25.4682777777778, 81.8665955555555, 1453093149),
(509, 2, 25.46824, 81.8670044444444, 1453093159),
(510, 2, 25.46826, 81.8667733333333, 1453093329),
(511, 2, 25.4682733333333, 81.8664711111111, 1453093339),
(512, 2, 25.4683266666667, 81.8661688888889, 1453093349),
(513, 2, 25.4685422222222, 81.8657155555555, 1453093359),
(514, 2, 25.4687511111111, 81.8652888888889, 1453093369),
(515, 2, 25.4687911111111, 81.8649777777778, 1453093379),
(516, 2, 25.4685622222222, 81.8646133333333, 1453093389),
(517, 2, 25.4682444444444, 81.8642488888889, 1453093399),
(518, 2, 25.4679822222222, 81.8639733333333, 1453093409),
(519, 2, 25.46778, 81.8636444444444, 1453093419),
(520, 2, 25.4675622222222, 81.8633688888889, 1453093439),
(521, 2, 25.4670533333333, 81.8629066666667, 1453093449),
(522, 2, 25.4662844444444, 81.86216, 1453093459),
(523, 2, 25.4658288888889, 81.8617066666667, 1453093469),
(524, 2, 25.4655577777778, 81.8614755555556, 1453093479),
(525, 2, 25.46522, 81.8612, 1453093489),
(526, 2, 25.4647222222222, 81.8608088888889, 1453093499),
(527, 2, 25.4638022222222, 81.8603022222222, 1453093519),
(528, 2, 25.4629977777778, 81.8601155555555, 1453093529),
(529, 2, 25.4621155555556, 81.8598933333333, 1453093539),
(530, 2, 25.4613022222222, 81.8596888888889, 1453093549),
(531, 2, 25.46056, 81.85952, 1453093559),
(532, 2, 25.4601822222222, 81.8594488888889, 1453093579),
(533, 2, 25.4595044444444, 81.8593511111111, 1453093589),
(534, 2, 25.4588022222222, 81.8592622222222, 1453093599),
(535, 2, 25.4582244444444, 81.8592977777778, 1453093609),
(536, 2, 25.4575911111111, 81.8593333333333, 1453093619),
(537, 2, 25.4570733333333, 81.8594133333333, 1453093629),
(538, 2, 25.4569288888889, 81.8594933333333, 1453093639),
(539, 2, 25.4565688888889, 81.8596622222222, 1453093649),
(540, 2, 25.4561377777778, 81.8599111111111, 1453093659),
(541, 2, 25.4557733333333, 81.8601422222222, 1453093669),
(542, 2, 25.4551, 81.8604977777778, 1453093679),
(543, 2, 25.4546911111111, 81.8605777777778, 1453093689),
(544, 2, 25.4538977777778, 81.8606133333333, 1453093699),
(545, 2, 25.4527044444444, 81.8606222222222, 1453093709),
(546, 2, 25.4514355555556, 81.8606577777778, 1453093719),
(547, 2, 25.4502533333333, 81.8606755555556, 1453093729),
(548, 2, 25.4492733333333, 81.8606755555556, 1453093739),
(549, 2, 25.4488155555556, 81.8606755555556, 1453093749),
(550, 2, 25.4479444444444, 81.8606933333333, 1453093759),
(551, 2, 25.4469688888889, 81.8607111111111, 1453093769),
(552, 2, 25.44622, 81.8607111111111, 1453093779),
(553, 2, 25.4454355555556, 81.8605955555556, 1453093788),
(554, 2, 25.4447088888889, 81.8598844444444, 1453093798),
(555, 2, 25.4444511111111, 81.8597066666667, 1453093803),
(556, 2, 25.4443066666667, 81.8598133333333, 1453093813),
(557, 2, 25.4441377777778, 81.8599733333333, 1453093823),
(558, 2, 25.4438977777778, 81.8602488888889, 1453093833),
(559, 2, 25.4435555555556, 81.86072, 1453093843),
(560, 2, 25.44338, 81.8611733333333, 1453093853),
(561, 2, 25.4432133333333, 81.8616977777778, 1453093863),
(562, 2, 25.4432555555556, 81.8614311111111, 1453093883),
(563, 2, 25.4430288888889, 81.8612622222222, 1453093899),
(564, 2, 25.4427844444444, 81.8609422222222, 1453093909),
(565, 2, 25.4427622222222, 81.8608355555555, 1453093919),
(566, 2, 25.4423711111111, 81.8607822222222, 1453093929),
(567, 2, 25.4420022222222, 81.8607822222222, 1453093939),
(568, 2, 25.4416022222222, 81.8607733333333, 1453093949),
(569, 2, 25.4411133333333, 81.8607822222222, 1453093959),
(570, 2, 25.4407533333333, 81.8607911111111, 1453093969),
(571, 2, 25.44034, 81.8608266666667, 1453093979),
(572, 2, 25.4397888888889, 81.8608088888889, 1453093989),
(573, 2, 25.4394177777778, 81.8608533333333, 1453094019),
(574, 2, 25.4388044444444, 81.8608533333333, 1453094029),
(575, 2, 25.4378977777778, 81.8608888888889, 1453094039),
(576, 2, 25.4370088888889, 81.8609244444444, 1453094059),
(577, 2, 25.4362822222222, 81.8609333333333, 1453094069),
(578, 2, 25.4355933333333, 81.8609422222222, 1453094079),
(579, 2, 25.4349222222222, 81.8609511111111, 1453094089),
(580, 2, 25.4343155555556, 81.8609866666667, 1453094099),
(581, 2, 25.4334644444444, 81.8609422222222, 1453094109),
(582, 2, 25.4326111111111, 81.8608711111111, 1453094119),
(583, 2, 25.4319555555556, 81.8608355555555, 1453094129),
(584, 2, 25.4313866666667, 81.8607288888889, 1453094139),
(585, 2, 25.4306, 81.8605866666667, 1453094149),
(586, 2, 25.4303311111111, 81.8604177777778, 1453094157),
(587, 2, 25.43018, 81.8588977777778, 1453094172),
(588, 2, 25.4300977777778, 81.8575911111111, 1453094182),
(589, 2, 25.42992, 81.8563466666667, 1453094192),
(590, 2, 25.4297266666667, 81.8554222222222, 1453094202),
(591, 2, 25.4295688888889, 81.8547022222222, 1453094212),
(592, 2, 25.4293022222222, 81.8536177777778, 1453094222),
(593, 2, 25.4290111111111, 81.8523111111111, 1453094232),
(594, 2, 25.4287155555556, 81.8510933333333, 1453094242),
(595, 2, 25.4283933333333, 81.8499822222222, 1453094252),
(596, 2, 25.4282177777778, 81.8493688888889, 1453094262),
(597, 2, 25.4280155555556, 81.8490488888889, 1453094272),
(598, 2, 25.4277377777778, 81.84904, 1453094282),
(599, 2, 25.4273155555556, 81.8492, 1453094292),
(600, 2, 25.4266688888889, 81.8494311111111, 1453094302),
(601, 2, 25.4257622222222, 81.8498488888889, 1453094342),
(602, 2, 25.4247044444444, 81.8501777777778, 1453094352),
(603, 2, 25.42374, 81.8504888888889, 1453094362),
(604, 2, 25.4226911111111, 81.8508266666667, 1453094372),
(605, 2, 25.4215244444444, 81.8511733333333, 1453094382),
(606, 2, 25.4205866666667, 81.8514488888889, 1453094392),
(607, 2, 25.4199622222222, 81.8516355555556, 1453094402),
(608, 2, 25.4198333333333, 81.8517866666667, 1453094408),
(609, 2, 25.4157933333333, 81.8558844444444, 1453094478),
(610, 2, 25.4151466666667, 81.85648, 1453094488),
(611, 2, 25.4147288888889, 81.8568977777778, 1453094498),
(612, 2, 25.4144466666667, 81.8571911111111, 1453094608),
(613, 2, 25.4140488888889, 81.8575466666667, 1453094618),
(614, 2, 25.4136488888889, 81.8580355555556, 1453094628),
(615, 2, 25.41302, 81.8589333333333, 1453094638),
(616, 2, 25.4121666666667, 81.8600177777778, 1453094648),
(617, 2, 25.4112755555556, 81.86112, 1453094658),
(618, 2, 25.4102488888889, 81.8624, 1453094668),
(619, 2, 25.4091311111111, 81.8638044444444, 1453094678),
(620, 2, 25.4083355555556, 81.8649688888889, 1453094688),
(621, 2, 25.4076733333333, 81.8662222222222, 1453094698),
(622, 2, 25.4070977777778, 81.8673333333333, 1453094708),
(623, 2, 25.4065111111111, 81.8681866666667, 1453094718),
(624, 2, 25.4058155555556, 81.8687288888889, 1453094725),
(625, 2, 25.40446, 81.8690666666667, 1453094735),
(626, 2, 25.4031822222222, 81.8693244444444, 1453094745),
(627, 2, 25.40232, 81.8694577777778, 1453094755),
(628, 2, 25.4018266666667, 81.8693244444444, 1453094762),
(629, 2, 25.3993311111111, 81.87, 1453094840),
(630, 2, 25.3994511111111, 81.8703288888889, 1453094850),
(631, 2, 25.3996288888889, 81.8708622222222, 1453094860),
(632, 2, 25.3997088888889, 81.8713688888889, 1453094866),
(633, 2, 25.39942, 81.8722044444444, 1453094876),
(634, 2, 25.3991822222222, 81.8728355555555, 1453094886),
(635, 2, 25.3989777777778, 81.8734222222222, 1453094896),
(636, 2, 25.3991822222222, 81.8734933333333, 1453094902),
(637, 2, 25.3996333333333, 81.8736533333333, 1453094909),
(638, 2, 25.4001422222222, 81.87384, 1453094919),
(639, 2, 25.4004844444444, 81.8739466666667, 1453094929),
(640, 2, 25.4007711111111, 81.8740177777778, 1453094939),
(641, 2, 25.4011866666667, 81.87416, 1453094994),
(642, 2, 25.4013933333333, 81.8742844444444, 1453095131),
(643, 2, 25.4017888888889, 81.87448, 1453095151),
(644, 2, 25.40164, 81.8744888888889, 1453095238),
(645, 2, 25.4012355555556, 81.8743022222222, 1453095248),
(646, 2, 25.4009355555556, 81.8741688888889, 1453095258),
(647, 2, 25.4006, 81.8740444444444, 1453095268),
(648, 2, 25.4001244444444, 81.87392, 1453095288),
(649, 2, 25.3995577777778, 81.8737066666667, 1453095318),
(650, 2, 25.3991688888889, 81.8735644444444, 1453095328),
(651, 2, 25.39894, 81.8733511111111, 1453095338),
(652, 2, 25.3990977777778, 81.8728977777778, 1453095363),
(653, 2, 25.3993066666667, 81.8723377777778, 1453095373),
(654, 2, 25.3994933333333, 81.8718488888889, 1453095383),
(655, 2, 25.3996955555556, 81.8713955555555, 1453095393),
(656, 2, 25.3996533333333, 81.8710133333333, 1453095403),
(657, 2, 25.3995533333333, 81.8706933333333, 1453095413),
(658, 2, 25.3994577777778, 81.8704088888889, 1453095423),
(659, 2, 25.3992133333333, 81.8697777777778, 1453095443),
(660, 2, 25.3991333333333, 81.86952, 1453095453),
(661, 2, 25.3992444444444, 81.8692888888889, 1453095463),
(662, 2, 25.3995111111111, 81.8690222222222, 1453095473),
(663, 2, 25.3997266666667, 81.8687288888889, 1453095483),
(664, 2, 25.3998688888889, 81.8684266666667, 1453095493),
(665, 2, 25.4001044444444, 81.8681333333333, 1453095503),
(666, 2, 25.4005244444444, 81.8679022222222, 1453095558),
(667, 2, 25.4006155555556, 81.8680088888889, 1453102730),
(668, 2, 25.401, 81.8683733333333, 1453102740),
(669, 2, 25.4014111111111, 81.8687822222222, 1453102750),
(670, 2, 25.4017777777778, 81.8691111111111, 1453102760),
(671, 2, 25.4021044444444, 81.8692888888889, 1453102770),
(672, 2, 25.4024133333333, 81.8693511111111, 1453102780),
(673, 2, 25.4025755555556, 81.86936, 1453102790),
(674, 2, 25.4030088888889, 81.8693155555556, 1453102800),
(675, 2, 25.4036644444444, 81.8691822222222, 1453102810),
(676, 2, 25.4042622222222, 81.86904, 1453102820),
(677, 2, 25.4046711111111, 81.8689155555556, 1453102830),
(678, 2, 25.4048911111111, 81.8688444444444, 1453102846),
(679, 2, 25.4050866666667, 81.8688888888889, 1453102940),
(680, 2, 25.4048555555556, 81.8689688888889, 1453102950),
(681, 2, 25.4046066666667, 81.8690222222222, 1453102960),
(682, 2, 25.4043555555556, 81.8690755555555, 1453102970),
(683, 2, 25.4041022222222, 81.8691288888889, 1453102980),
(684, 2, 25.4038533333333, 81.8691911111111, 1453102990),
(685, 2, 25.4035977777778, 81.8692355555556, 1453103000),
(686, 2, 25.4033622222222, 81.8693066666667, 1453103015),
(687, 2, 25.4032955555556, 81.8693155555556, 1453103099),
(688, 2, 25.4029311111111, 81.8693688888889, 1453103109),
(689, 2, 25.40256, 81.8694311111111, 1453103119),
(690, 2, 25.4025222222222, 81.8695555555555, 1453103129),
(691, 2, 25.4025711111111, 81.8698311111111, 1453103139),
(692, 2, 25.4026955555556, 81.8700977777778, 1453103148),
(693, 2, 25.4029911111111, 81.8703555555556, 1453103158),
(694, 2, 25.4032444444444, 81.8706044444444, 1453103168),
(695, 2, 25.4035666666667, 81.87088, 1453103178),
(696, 2, 25.4039466666667, 81.8711644444444, 1453103188),
(697, 2, 25.4043377777778, 81.8714577777778, 1453103198),
(698, 2, 25.4046222222222, 81.8717066666667, 1453103208),
(699, 2, 25.4049755555556, 81.8719822222222, 1453103218),
(700, 2, 25.4050311111111, 81.8723288888889, 1453103238),
(701, 2, 25.4047266666667, 81.87264, 1453103258),
(702, 2, 25.4044066666667, 81.8729066666667, 1453103268),
(703, 2, 25.4041155555556, 81.8731822222222, 1453103278),
(704, 2, 25.4039711111111, 81.8733333333333, 1453103294),
(705, 2, 25.4038244444444, 81.8734577777778, 1453103920),
(706, 2, 25.4035688888889, 81.87368, 1453103930),
(707, 2, 25.4031733333333, 81.8740177777778, 1453103940),
(708, 2, 25.4028577777778, 81.8743288888889, 1453103950),
(709, 2, 25.4026022222222, 81.8746222222222, 1453103960),
(710, 2, 25.4022244444444, 81.8749688888889, 1453104020),
(711, 2, 25.4018888888889, 81.8752888888889, 1453104030),
(712, 2, 25.4015577777778, 81.8755822222222, 1453104040),
(713, 2, 25.4013133333333, 81.8758133333333, 1453104050),
(714, 2, 25.4010911111111, 81.8759377777778, 1453104060),
(715, 2, 25.4007888888889, 81.8761066666667, 1453104070),
(716, 2, 25.4007111111111, 81.87608, 1453104254),
(717, 2, 25.4004488888889, 81.8759822222222, 1453104298),
(718, 2, 25.4006755555556, 81.8762666666667, 1453104370),
(719, 2, 25.40002, 81.8767377777778, 1453104385),
(720, 2, 25.3994955555556, 81.8771466666667, 1453104395),
(721, 2, 25.3991377777778, 81.87744, 1453104405),
(722, 2, 25.3988955555556, 81.8776711111111, 1453104415),
(723, 2, 25.3985911111111, 81.8779022222222, 1453104435),
(724, 2, 25.3982133333333, 81.8781866666667, 1453104445),
(725, 2, 25.3978266666667, 81.87848, 1453104455),
(726, 2, 25.3973444444444, 81.8788533333333, 1453104495),
(727, 2, 25.3968911111111, 81.8790933333333, 1453104505),
(728, 2, 25.3962422222222, 81.8794755555556, 1453104515),
(729, 2, 25.39602, 81.8795911111111, 1453104523),
(730, 2, 25.3997022222222, 81.8769066666667, 1453105476),
(731, 2, 25.4002488888889, 81.8765777777778, 1453105486),
(732, 2, 25.4006666666667, 81.87624, 1453105496),
(733, 2, 25.4011333333333, 81.8759022222222, 1453105506),
(734, 2, 25.4016311111111, 81.8755288888889, 1453105516),
(735, 2, 25.4020355555556, 81.8751288888889, 1453105526),
(736, 2, 25.4023, 81.8748533333333, 1453105536),
(737, 2, 25.4024777777778, 81.8746844444444, 1453105546),
(738, 2, 25.4027955555556, 81.8743377777778, 1453105556),
(739, 2, 25.4031288888889, 81.8740177777778, 1453105566),
(740, 2, 25.4038, 81.8710933333333, 1453105673),
(741, 2, 25.40256, 81.8700622222222, 1453105703),
(742, 2, 25.4022244444444, 81.8697688888889, 1453105713),
(743, 2, 25.4020444444444, 81.8695644444444, 1453105733),
(744, 2, 25.4017577777778, 81.8692711111111, 1453105743),
(745, 2, 25.4012022222222, 81.86872, 1453105753),
(746, 2, 25.4006311111111, 81.8681511111111, 1453105763),
(747, 2, 25.4003022222222, 81.8678133333333, 1453105773),
(748, 2, 25.3999155555556, 81.8673777777778, 1453105783),
(749, 2, 25.3992888888889, 81.8666666666667, 1453105793),
(750, 2, 25.39854, 81.8657955555555, 1453105803),
(751, 2, 25.3965311111111, 81.8636711111111, 1453105873),
(752, 2, 25.3961844444444, 81.8633688888889, 1453105893),
(753, 2, 25.3959377777778, 81.8630844444444, 1453105903),
(754, 2, 25.3953644444444, 81.8624977777778, 1453105943),
(755, 2, 25.3953288888889, 81.8624177777778, 1453105954),
(756, 2, 25.3946466666667, 81.8617244444444, 1453106135),
(757, 2, 25.394, 81.8606222222222, 1453106225),
(758, 2, 25.3949288888889, 81.8602844444444, 1453106293),
(759, 2, 25.3948333333333, 81.8602133333333, 1453108118),
(760, 2, 25.3967622222222, 81.8596622222222, 1453108166),
(761, 2, 25.3971622222222, 81.8595644444444, 1453108176),
(762, 2, 25.3974022222222, 81.8594933333333, 1453108186),
(763, 2, 25.3977777777778, 81.8594044444444, 1453108196),
(764, 2, 25.3983066666667, 81.8593066666667, 1453108206),
(765, 2, 25.3987422222222, 81.8591733333333, 1453108226),
(766, 2, 25.3991755555556, 81.8590755555555, 1453108236),
(767, 2, 25.3995266666667, 81.8590133333333, 1453108246),
(768, 2, 25.4000711111111, 81.8587911111111, 1453108256),
(769, 2, 25.40088, 81.8586044444444, 1453108266),
(770, 2, 25.4017711111111, 81.8584088888889, 1453108276),
(771, 2, 25.4026311111111, 81.8581777777778, 1453108286),
(772, 2, 25.4109955555556, 81.8574844444444, 1453108376),
(773, 2, 25.4114866666667, 81.85752, 1453108386),
(774, 2, 25.4119688888889, 81.8575466666667, 1453108396),
(775, 2, 25.4123133333333, 81.8575733333333, 1453108406),
(776, 2, 25.4126555555556, 81.8575644444444, 1453108416),
(777, 2, 25.4130466666667, 81.8575822222222, 1453108426),
(778, 2, 25.4134133333333, 81.8576177777778, 1453108436),
(779, 2, 25.41366, 81.8576444444444, 1453108451),
(780, 2, 25.4138911111111, 81.8575644444444, 1453108746),
(781, 2, 25.41416, 81.8573333333333, 1453108756),
(782, 2, 25.4144733333333, 81.8570666666667, 1453108766),
(783, 2, 25.41496, 81.8566133333333, 1453108776),
(784, 2, 25.4154577777778, 81.8561777777778, 1453108786),
(785, 2, 25.4159377777778, 81.8557422222222, 1453108796),
(786, 2, 25.4204088888889, 81.8521244444444, 1453108887),
(787, 2, 25.4204044444444, 81.8519288888889, 1453108891),
(788, 2, 25.4202266666667, 81.8513688888889, 1453108901),
(789, 2, 25.42002, 81.8508533333333, 1453108909),
(790, 2, 25.4191466666667, 81.8505333333333, 1453108919),
(791, 2, 25.4182644444444, 81.8502933333333, 1453108929),
(792, 2, 25.4180088888889, 81.8504266666667, 1453108963),
(793, 2, 25.4180911111111, 81.8505333333333, 1453109783),
(794, 2, 25.4184733333333, 81.85096, 1453109793),
(795, 2, 25.4196288888889, 81.8513866666667, 1453109803),
(796, 2, 25.4206977777778, 81.8513333333333, 1453109821),
(797, 2, 25.4215288888889, 81.8510311111111, 1453109831),
(798, 2, 25.4221711111111, 81.8508, 1453109841),
(799, 2, 25.4232488888889, 81.8504444444444, 1453109851),
(800, 2, 25.4239955555556, 81.85016, 1453109861),
(801, 2, 25.4245688888889, 81.85, 1453109871),
(802, 2, 25.4254088888889, 81.8496977777778, 1453109881),
(803, 2, 25.4263, 81.8494222222222, 1453109891),
(804, 2, 25.4273577777778, 81.8491111111111, 1453109901),
(805, 2, 25.4276333333333, 81.84896, 1453109971),
(806, 2, 25.428, 81.8483377777778, 1453110021),
(807, 2, 25.4277177777778, 81.8494222222222, 1453110064),
(808, 2, 25.4279288888889, 81.8501511111111, 1453110074),
(809, 2, 25.4281777777778, 81.8509155555556, 1453110084),
(810, 2, 25.4284822222222, 81.8515822222222, 1453110094),
(811, 2, 25.4287977777778, 81.8515733333333, 1453110104),
(812, 2, 25.4288777777778, 81.8515466666667, 1453110114),
(813, 2, 25.4289933333333, 81.8516355555556, 1453110120),
(814, 2, 25.4291155555556, 81.8521066666667, 1453110127),
(815, 2, 25.4293088888889, 81.8529688888889, 1453110137),
(816, 2, 25.4294822222222, 81.8537955555555, 1453110147),
(817, 2, 25.42966, 81.8546044444444, 1453110157),
(818, 2, 25.4297644444444, 81.8550133333333, 1453110167),
(819, 2, 25.4299466666667, 81.8558222222222, 1453110177),
(820, 2, 25.4302733333333, 81.8580266666667, 1453110197),
(821, 2, 25.4303333333333, 81.85888, 1453110257),
(822, 2, 25.4303466666667, 81.8593066666667, 1453110267),
(823, 2, 25.4303777777778, 81.8598222222222, 1453110277),
(824, 2, 25.4304488888889, 81.8603555555556, 1453110287),
(825, 2, 25.4305955555556, 81.8605688888889, 1453110292),
(826, 2, 25.4308577777778, 81.8605777777778, 1453110322),
(827, 2, 25.4314311111111, 81.86072, 1453110342),
(828, 2, 25.4318111111111, 81.8607822222222, 1453110352),
(829, 2, 25.43216, 81.8608266666667, 1453110362),
(830, 2, 25.4324355555556, 81.8608711111111, 1453110372),
(831, 2, 25.43276, 81.8608977777778, 1453110382),
(832, 2, 25.4333777777778, 81.8609155555555, 1453110392),
(833, 2, 25.4340377777778, 81.8609511111111, 1453110402),
(834, 2, 25.4344422222222, 81.8610044444444, 1453110422),
(835, 2, 25.4347977777778, 81.8609777777778, 1453110432),
(836, 2, 25.4352977777778, 81.8609422222222, 1453110442),
(837, 2, 25.4357488888889, 81.8609511111111, 1453110452),
(838, 2, 25.4356733333333, 81.8618755555556, 1453110482),
(839, 2, 25.4360422222222, 81.8621066666667, 1453110489),
(840, 2, 25.4367888888889, 81.8624888888889, 1453110499),
(841, 2, 25.4375222222222, 81.8627022222222, 1453110509),
(842, 2, 25.43854, 81.8628622222222, 1453110519),
(843, 2, 25.4396733333333, 81.8630488888889, 1453110529),
(844, 2, 25.4401577777778, 81.8631022222222, 1453110559),
(845, 2, 25.4404555555556, 81.8633066666667, 1453110579),
(846, 2, 25.4405777777778, 81.8635822222222, 1453110589),
(847, 2, 25.4410644444444, 81.8648, 1453110609),
(848, 2, 25.4413022222222, 81.8652622222222, 1453110619),
(849, 2, 25.4414888888889, 81.8656622222222, 1453110629),
(850, 2, 25.4417577777778, 81.8657066666667, 1453110669),
(851, 2, 25.4419111111111, 81.8653422222222, 1453110679),
(852, 2, 25.4421311111111, 81.8647377777778, 1453110689),
(853, 2, 25.4423488888889, 81.8641066666667, 1453110699),
(854, 2, 25.4425688888889, 81.8634844444444, 1453110709),
(855, 2, 25.4426622222222, 81.8631733333333, 1453110719),
(856, 2, 25.4427066666667, 81.8629955555556, 1453110772),
(857, 2, 25.44278, 81.8630133333333, 1453111657),
(858, 2, 25.4426622222222, 81.8633688888889, 1453111667),
(859, 2, 25.4425333333333, 81.8637333333333, 1453111677),
(860, 2, 25.4422844444444, 81.8644266666667, 1453111687),
(861, 2, 25.4419911111111, 81.8652088888889, 1453111697),
(862, 2, 25.4416533333333, 81.8662311111111, 1453111717),
(863, 2, 25.4417644444444, 81.8665066666667, 1453111727),
(864, 2, 25.4420488888889, 81.8671288888889, 1453111737),
(865, 2, 25.44234, 81.8677244444444, 1453111747),
(866, 2, 25.4424133333333, 81.8677333333333, 1453111750),
(867, 2, 25.4427533333333, 81.8674311111111, 1453111760),
(868, 2, 25.4434688888889, 81.8669155555555, 1453111770),
(869, 2, 25.4444777777778, 81.8661866666667, 1453111780),
(870, 2, 25.4450733333333, 81.8657955555555, 1453111906),
(871, 2, 25.4458, 81.8653244444444, 1453112255),
(872, 2, 25.4462955555556, 81.86496, 1453112265),
(873, 2, 25.4469088888889, 81.8646044444444, 1453112275),
(874, 2, 25.4472511111111, 81.8643288888889, 1453112285),
(875, 2, 25.44742, 81.8641955555555, 1453112295),
(876, 2, 25.4477777777778, 81.8638222222222, 1453112335),
(877, 2, 25.4480066666667, 81.8635733333333, 1453112345),
(878, 2, 25.4482355555556, 81.8634666666667, 1453112350),
(879, 2, 25.4489444444444, 81.8636355555556, 1453112360),
(880, 2, 25.4493711111111, 81.8636355555556, 1453112365),
(881, 2, 25.4502177777778, 81.8632, 1453112375),
(882, 2, 25.4511355555556, 81.8626755555555, 1453112385),
(883, 2, 25.4520222222222, 81.8621866666667, 1453112395),
(884, 2, 25.4526511111111, 81.8618488888889, 1453112405),
(885, 2, 25.4562133333333, 81.8595022222222, 1453112495),
(886, 2, 25.4563088888889, 81.8590311111111, 1453112515),
(887, 2, 25.4563866666667, 81.8587911111111, 1453112525),
(888, 2, 25.4567155555556, 81.8582577777778, 1453112535),
(889, 2, 25.4570511111111, 81.8574133333333, 1453112545),
(890, 2, 25.4573888888889, 81.8565777777778, 1453112555),
(891, 2, 25.4576777777778, 81.8558311111111, 1453112565),
(892, 2, 25.4579266666667, 81.8552, 1453112575),
(893, 2, 25.4581022222222, 81.8547288888889, 1453112585),
(894, 2, 25.4582088888889, 81.8543733333333, 1453112595),
(895, 2, 25.4582422222222, 81.85408, 1453112605),
(896, 2, 25.4583577777778, 81.8531911111111, 1453112615),
(897, 2, 25.4581955555556, 81.8495822222222, 1453112645),
(898, 2, 25.4580333333333, 81.8486844444444, 1453112655),
(899, 2, 25.45762, 81.8481333333333, 1453112665),
(900, 2, 25.4570111111111, 81.8476444444444, 1453112675),
(901, 2, 25.4561844444444, 81.8469688888889, 1453112685),
(902, 2, 25.4560155555556, 81.8468444444444, 1453112695),
(903, 2, 25.45572, 81.8465777777778, 1453112705),
(904, 2, 25.4553044444444, 81.8462222222222, 1453112715),
(905, 2, 25.4548933333333, 81.8459022222222, 1453112725),
(906, 2, 25.4544577777778, 81.84552, 1453112745);
INSERT INTO `ola_report_data` (`identifier`, `reportid`, `latitude`, `longitude`, `positiontime`) VALUES
(907, 2, 25.4544822222222, 81.8453866666667, 1453112749),
(908, 2, 25.4545822222222, 81.8447288888889, 1453112759),
(909, 2, 25.45498, 81.8410311111111, 1453112809),
(910, 2, 25.4550488888889, 81.8403822222222, 1453112819),
(911, 2, 25.4551266666667, 81.8396444444444, 1453112829),
(912, 2, 25.4552511111111, 81.83872, 1453112849),
(913, 2, 25.4553222222222, 81.8379288888889, 1453112859),
(914, 2, 25.4553933333333, 81.8372711111111, 1453112869),
(915, 2, 25.45546, 81.8365955555556, 1453112879),
(916, 2, 25.4555577777778, 81.8357066666667, 1453112889),
(917, 2, 25.4555822222222, 81.8354311111111, 1453112899),
(918, 2, 25.4553022222222, 81.83528, 1453112907),
(919, 2, 25.4547666666667, 81.8352266666667, 1453112915),
(920, 2, 25.4543733333333, 81.8351733333333, 1453113093),
(921, 2, 25.4540333333333, 81.83512, 1453113103),
(922, 2, 25.4537044444444, 81.8350666666667, 1453113113),
(923, 2, 25.4531711111111, 81.8350933333333, 1453113153),
(924, 2, 25.4529511111111, 81.8358488888889, 1453113213),
(925, 2, 25.4528822222222, 81.8367822222222, 1453113233),
(926, 2, 25.4528555555556, 81.83704, 1453113243),
(927, 2, 25.4528066666667, 81.8375377777778, 1453113253),
(928, 2, 25.4527311111111, 81.8377244444444, 1453116894),
(929, 2, 25.4527311111111, 81.8382133333333, 1453116904),
(930, 2, 25.4526955555556, 81.8385511111111, 1453116914),
(931, 2, 25.4523133333333, 81.8387555555555, 1453116944),
(932, 2, 25.45192, 81.8387644444444, 1453116954),
(933, 2, 25.4514044444444, 81.83872, 1453116964),
(934, 2, 25.4507577777778, 81.8386577777778, 1453116974),
(935, 2, 25.45, 81.8384, 1453117004),
(936, 2, 25.4499733333333, 81.8381244444444, 1453117014),
(937, 2, 25.4499866666667, 81.8377866666667, 1453117024),
(938, 2, 25.4500177777778, 81.8374844444444, 1453117034),
(939, 2, 25.4500555555556, 81.8371466666667, 1453117044),
(940, 2, 25.4500666666667, 81.8366044444444, 1453117091),
(941, 2, 25.4488533333333, 81.8386844444444, 1453119138),
(942, 2, 25.4488066666667, 81.8388711111111, 1453119297),
(943, 2, 25.4486577777778, 81.8387111111111, 1453119307),
(944, 2, 25.4484688888889, 81.8387911111111, 1453119317),
(945, 2, 25.4482266666667, 81.8387644444444, 1453119387),
(946, 2, 25.4475155555556, 81.8382133333333, 1453119406),
(947, 2, 25.4474, 81.8382844444444, 1453119426),
(948, 2, 25.4473466666667, 81.8388711111111, 1453119436),
(949, 2, 25.44728, 81.8395911111111, 1453119446),
(950, 2, 25.4470911111111, 81.8397955555555, 1453119461),
(951, 2, 25.4467088888889, 81.83952, 1453119469),
(952, 2, 25.4461844444444, 81.8391377777778, 1453119479),
(953, 2, 25.4458644444444, 81.8389244444444, 1453119489),
(954, 2, 25.4455355555556, 81.8386666666667, 1453119499),
(955, 2, 25.4452377777778, 81.8384622222222, 1453119509),
(956, 2, 25.4448555555556, 81.8382044444444, 1453119519),
(957, 2, 25.4429022222222, 81.8363111111111, 1453119769),
(958, 2, 25.4426377777778, 81.8366933333333, 1453119789),
(959, 2, 25.4422444444444, 81.8373688888889, 1453119819),
(960, 2, 25.44196, 81.8378755555556, 1453119849),
(961, 2, 25.44174, 81.8381866666667, 1453119859),
(962, 2, 25.4415377777778, 81.8386044444444, 1453119869),
(963, 2, 25.4413244444444, 81.83904, 1453119898),
(964, 2, 25.4412244444444, 81.8394311111111, 1453119908),
(965, 2, 25.4411266666667, 81.8396888888889, 1453119918),
(966, 2, 25.4409977777778, 81.8401155555556, 1453119928),
(967, 2, 25.4408866666667, 81.8404888888889, 1453119938),
(968, 2, 25.4405622222222, 81.8407911111111, 1453119965),
(969, 2, 25.4397755555556, 81.8406933333333, 1453119985),
(970, 2, 25.4394577777778, 81.8407022222222, 1453119995),
(971, 2, 25.4391555555556, 81.8406488888889, 1453120005),
(972, 2, 25.4387488888889, 81.8405511111111, 1453120015),
(973, 2, 25.4383977777778, 81.8405511111111, 1453120025),
(974, 2, 25.4381266666667, 81.8405066666667, 1453120035),
(975, 2, 25.4376911111111, 81.84064, 1453120045),
(976, 2, 25.4374066666667, 81.8408444444444, 1453120055),
(977, 2, 25.4371933333333, 81.8409866666667, 1453120065),
(978, 2, 25.4368488888889, 81.8411466666667, 1453120085),
(979, 2, 25.4365866666667, 81.8412533333333, 1453120095),
(980, 2, 25.4363844444444, 81.8412355555556, 1453120105),
(981, 2, 25.4362, 81.8410844444444, 1453120115),
(982, 2, 25.4316866666667, 81.8383911111111, 1453120275),
(983, 2, 25.42964, 81.8379555555555, 1453120335),
(984, 2, 25.4291644444444, 81.8378844444444, 1453120345),
(985, 2, 25.4285933333333, 81.8378577777778, 1453120365),
(986, 2, 25.4280355555556, 81.8378044444444, 1453120375),
(987, 2, 25.4275311111111, 81.8377955555556, 1453120385),
(988, 2, 25.4273311111111, 81.8377866666667, 1453120395),
(989, 2, 25.4269711111111, 81.8378222222222, 1453120405),
(990, 2, 25.4268444444444, 81.8377422222222, 1453120415),
(991, 2, 25.4268644444444, 81.83736, 1453120425),
(992, 2, 25.4269133333333, 81.8368888888889, 1453120435),
(993, 2, 25.4269777777778, 81.8364533333333, 1453120445),
(994, 2, 25.4270577777778, 81.8361333333333, 1453120455),
(995, 2, 25.4271222222222, 81.8359822222222, 1453120471),
(996, 2, 25.4272933333333, 81.8356266666667, 1453120554),
(997, 2, 25.4275266666667, 81.8352088888889, 1453120574),
(998, 2, 25.4302133333333, 81.8345866666667, 1453120674),
(999, 2, 25.4303111111111, 81.8333688888889, 1453120757),
(1000, 2, 25.4303866666667, 81.8333422222222, 1453121668),
(1001, 2, 25.4302377777778, 81.8332711111111, 1453121688),
(1002, 2, 25.4296022222222, 81.8332177777778, 1453121698),
(1003, 2, 25.4289533333333, 81.8331288888889, 1453121708),
(1004, 2, 25.42868, 81.83312, 1453121718),
(1005, 2, 25.4284933333333, 81.8332622222222, 1453121738),
(1006, 2, 25.4283666666667, 81.8335733333333, 1453121748),
(1007, 2, 25.4282155555556, 81.8340444444444, 1453121758),
(1008, 2, 25.42804, 81.8343911111111, 1453121768),
(1009, 2, 25.4269022222222, 81.8372622222222, 1453121858),
(1010, 2, 25.4268333333333, 81.8377955555556, 1453121878),
(1011, 2, 25.4268311111111, 81.8384622222222, 1453121898),
(1012, 2, 25.4268733333333, 81.8389333333333, 1453121908),
(1013, 2, 25.4268844444444, 81.8393511111111, 1453121918),
(1014, 2, 25.4269355555556, 81.8398933333333, 1453121928),
(1015, 2, 25.4271288888889, 81.8402666666667, 1453121948),
(1016, 2, 25.4272444444444, 81.8404888888889, 1453121958),
(1017, 2, 25.4273444444444, 81.8410222222222, 1453121968),
(1018, 2, 25.4274688888889, 81.8415644444444, 1453121978),
(1019, 2, 25.4278, 81.8425333333333, 1453121998),
(1020, 2, 25.4279488888889, 81.8429955555556, 1453122008),
(1021, 2, 25.4281111111111, 81.84344, 1453122018),
(1022, 2, 25.4282933333333, 81.8440355555555, 1453122038),
(1023, 2, 25.4284355555556, 81.8444533333333, 1453122048),
(1024, 2, 25.4285844444444, 81.8449244444444, 1453122058),
(1025, 2, 25.4288244444444, 81.8456711111111, 1453122068),
(1026, 2, 25.4289511111111, 81.8458844444444, 1453122072),
(1027, 2, 25.4294288888889, 81.8459466666667, 1453122082),
(1028, 2, 25.4299955555556, 81.8460977777778, 1453122102),
(1029, 2, 25.4303066666667, 81.8460888888889, 1453122112),
(1030, 2, 25.4306488888889, 81.8461066666667, 1453122122),
(1031, 2, 25.4339933333333, 81.8461866666667, 1453122222),
(1032, 2, 25.4344266666667, 81.8461511111111, 1453122232),
(1033, 2, 25.4348622222222, 81.8461511111111, 1453122242),
(1034, 2, 25.4361688888889, 81.8463555555556, 1453122332),
(1035, 2, 25.4365288888889, 81.8464977777778, 1453122342),
(1036, 2, 25.4369444444444, 81.8465688888889, 1453122352),
(1037, 2, 25.4373666666667, 81.8466488888889, 1453122362),
(1038, 2, 25.4380088888889, 81.8467555555556, 1453122382),
(1039, 2, 25.43884, 81.8469511111111, 1453122392),
(1040, 2, 25.4396044444444, 81.8471111111111, 1453122402),
(1041, 2, 25.4400711111111, 81.8472444444444, 1453122412),
(1042, 2, 25.4406333333333, 81.8474311111111, 1453122422),
(1043, 2, 25.4409666666667, 81.8475555555556, 1453122432),
(1044, 2, 25.4411177777778, 81.8476355555556, 1453122442),
(1045, 2, 25.4414355555556, 81.8478488888889, 1453122980),
(1046, 2, 25.4413044444444, 81.8478577777778, 1453124508),
(1047, 2, 25.4410355555556, 81.8476355555556, 1453124518),
(1048, 2, 25.4410444444444, 81.8474577777778, 1453124525),
(1049, 2, 25.4411555555556, 81.8468888888889, 1453124535),
(1050, 2, 25.4412866666667, 81.8463555555556, 1453124545),
(1051, 2, 25.4412911111111, 81.8461244444444, 1453124550),
(1052, 2, 25.4410866666667, 81.8457777777778, 1453124560),
(1053, 2, 25.4407933333333, 81.8453333333333, 1453124570),
(1054, 2, 25.4404066666667, 81.8447466666667, 1453124600),
(1055, 2, 25.4397422222222, 81.8439822222222, 1453124650),
(1056, 2, 25.4395288888889, 81.8439644444444, 1453124660),
(1057, 2, 25.4392155555556, 81.8439555555555, 1453124670),
(1058, 2, 25.4386577777778, 81.8439555555555, 1453124690),
(1059, 2, 25.4381311111111, 81.8439377777778, 1453124700),
(1060, 2, 25.4378022222222, 81.8439644444444, 1453124710),
(1061, 2, 25.4363422222222, 81.8436355555555, 1453124840),
(1062, 2, 25.4366577777778, 81.8409688888889, 1453125040),
(1063, 2, 25.4366666666667, 81.8406755555555, 1453125050),
(1064, 2, 25.4367311111111, 81.8403288888889, 1453125060),
(1065, 2, 25.4367644444444, 81.8400266666667, 1453125070),
(1066, 2, 25.4368066666667, 81.8397155555556, 1453125080),
(1067, 2, 25.43682, 81.8394044444444, 1453125090),
(1068, 2, 25.4368488888889, 81.8391377777778, 1453125100),
(1069, 2, 25.4368755555556, 81.8388266666667, 1453125110),
(1070, 2, 25.4369244444444, 81.8385511111111, 1453125120),
(1071, 2, 25.4370355555556, 81.8368266666667, 1453125264),
(1072, 2, 25.4371022222222, 81.8360177777778, 1453125565),
(1073, 2, 25.4371488888889, 81.8356, 1453125605),
(1074, 2, 25.4371955555556, 81.8349422222222, 1453125655),
(1075, 2, 25.4372844444444, 81.8346755555555, 1453125665),
(1076, 2, 25.4364977777778, 81.8328, 1453125825),
(1077, 2, 25.4366733333333, 81.8328, 1453126081),
(1078, 2, 25.4370888888889, 81.8329244444444, 1453126101),
(1079, 2, 25.43748, 81.8326577777778, 1453126131),
(1080, 2, 25.4375622222222, 81.8322666666667, 1453126141),
(1081, 2, 25.4376466666667, 81.8318666666667, 1453126151),
(1082, 2, 25.4377488888889, 81.8315022222222, 1453126161),
(1083, 2, 25.4378244444444, 81.8312, 1453126171),
(1084, 2, 25.4380177777778, 81.8306222222222, 1453126181),
(1085, 2, 25.43824, 81.8300355555555, 1453126191),
(1086, 2, 25.4383555555556, 81.8297955555555, 1453126201),
(1087, 2, 25.4384488888889, 81.8295288888889, 1453126211),
(1088, 2, 25.4395133333333, 81.8257155555556, 1453126370),
(1089, 2, 25.4421733333333, 81.8242577777778, 1453126468),
(1090, 2, 25.4446333333333, 81.8230933333333, 1453126588),
(1091, 2, 25.4446911111111, 81.8221333333333, 1453126598),
(1092, 2, 25.4447622222222, 81.8209955555556, 1453126608),
(1093, 2, 25.4448288888889, 81.8198044444444, 1453126618),
(1094, 2, 25.4449911111111, 81.81832, 1453126648),
(1095, 2, 25.4451377777778, 81.8180177777778, 1453126658),
(1096, 2, 25.4453066666667, 81.8175733333333, 1453126668),
(1097, 2, 25.4454555555556, 81.8172444444444, 1453126678),
(1098, 2, 25.4455688888889, 81.8168888888889, 1453126688),
(1099, 2, 25.4458666666667, 81.8165244444444, 1453126697),
(1100, 2, 25.4504844444444, 81.8185155555555, 1453126793),
(1101, 2, 25.4510022222222, 81.8194311111111, 1453126803),
(1102, 2, 25.4514711111111, 81.8204444444444, 1453126813),
(1103, 2, 25.4598866666667, 81.8231911111111, 1453126908),
(1104, 2, 25.4606933333333, 81.8232533333333, 1453126918),
(1105, 2, 25.4610355555556, 81.8232177777778, 1453126923),
(1106, 2, 25.46112, 81.8230577777778, 1453126926),
(1107, 2, 25.4611622222222, 81.8223911111111, 1453126936),
(1108, 2, 25.4610666666667, 81.8221511111111, 1453126946),
(1109, 2, 25.46098, 81.8219644444444, 1453126964),
(1110, 2, 25.46112, 81.8221244444444, 1453127276),
(1111, 2, 25.46126, 81.8222844444444, 1453127286),
(1112, 2, 25.4612355555556, 81.82248, 1453127291),
(1113, 2, 25.4611755555556, 81.8235377777778, 1453127311),
(1114, 2, 25.4611044444444, 81.8242666666667, 1453127321),
(1115, 2, 25.4610488888889, 81.8249244444444, 1453127331),
(1116, 2, 25.4609888888889, 81.8253155555556, 1453127341),
(1117, 2, 25.4609355555556, 81.82568, 1453127351),
(1118, 2, 25.4608444444444, 81.8261511111111, 1453127361),
(1119, 2, 25.4608222222222, 81.8267377777778, 1453127371),
(1120, 2, 25.4607733333333, 81.8272355555556, 1453127381),
(1121, 2, 25.46078, 81.8274133333333, 1453127399),
(1122, 2, 25.4607466666667, 81.8276088888889, 1453128526),
(1123, 2, 25.46082, 81.8277511111111, 1453128529),
(1124, 2, 25.4614355555556, 81.8278755555555, 1453128539),
(1125, 2, 25.4623933333333, 81.8280444444444, 1453128549),
(1126, 2, 25.4637844444444, 81.8282666666667, 1453128559),
(1127, 2, 25.4651933333333, 81.8284711111111, 1453128569),
(1128, 2, 25.4660955555556, 81.8286488888889, 1453128578),
(1129, 2, 25.4661311111111, 81.8287822222222, 1453128581),
(1130, 2, 25.4661511111111, 81.8293511111111, 1453128591),
(1131, 2, 25.4661488888889, 81.8297511111111, 1453128601),
(1132, 2, 25.4661755555556, 81.8301066666667, 1453128611),
(1133, 2, 25.4661911111111, 81.8304711111111, 1453128621),
(1134, 2, 25.4661933333333, 81.8308711111111, 1453128631),
(1135, 2, 25.4662022222222, 81.8314311111111, 1453128641),
(1136, 2, 25.46622, 81.8318666666667, 1453128651),
(1137, 2, 25.4662377777778, 81.8322222222222, 1453128661),
(1138, 2, 25.4662377777778, 81.8325155555556, 1453128671),
(1139, 2, 25.4660644444444, 81.8328088888889, 1453128751),
(1140, 2, 25.4656466666667, 81.8327555555555, 1453128771),
(1141, 2, 25.4652066666667, 81.8326755555555, 1453128781),
(1142, 2, 25.46468, 81.8326044444444, 1453128791),
(1143, 2, 25.4641066666667, 81.8324888888889, 1453128801),
(1144, 2, 25.4637, 81.8324266666667, 1453128811),
(1145, 2, 25.4634466666667, 81.8324088888889, 1453128821),
(1146, 2, 25.4630933333333, 81.8323555555555, 1453128831),
(1147, 2, 25.4624466666667, 81.8322666666667, 1453128841),
(1148, 2, 25.4618177777778, 81.8321688888889, 1453128851),
(1149, 2, 25.4611977777778, 81.8320711111111, 1453128861),
(1150, 2, 25.4604288888889, 81.8319911111111, 1453128871),
(1151, 2, 25.4600977777778, 81.8319466666667, 1453128881),
(1152, 2, 25.4594377777778, 81.83184, 1453128891),
(1153, 2, 25.4586466666667, 81.8317422222222, 1453128901),
(1154, 2, 25.4569422222222, 81.8314933333333, 1453128921),
(1155, 2, 25.4565955555556, 81.8314488888889, 1453128931),
(1156, 2, 25.4561555555556, 81.8313866666667, 1453128951),
(1157, 2, 25.4555911111111, 81.8313155555556, 1453128961),
(1158, 2, 25.4550666666667, 81.8312533333333, 1453128971),
(1159, 2, 25.4547733333333, 81.8312, 1453128981),
(1160, 2, 25.4542933333333, 81.8311288888889, 1453128991),
(1161, 2, 25.4537422222222, 81.8310222222222, 1453129001),
(1162, 2, 25.4534511111111, 81.8309155555555, 1453129009),
(1163, 2, 25.4534177777778, 81.8306666666667, 1453129013),
(1164, 2, 25.4534977777778, 81.8298933333333, 1453129023),
(1165, 2, 25.4535644444444, 81.8291022222222, 1453129033),
(1166, 2, 25.4528777777778, 81.8289244444444, 1453129050),
(1167, 2, 25.4522644444444, 81.8288355555556, 1453129060),
(1168, 2, 25.4515733333333, 81.8287466666667, 1453129070),
(1169, 2, 25.4509533333333, 81.8286755555555, 1453129080),
(1170, 2, 25.4505355555556, 81.8285955555555, 1453129090),
(1171, 2, 25.44992, 81.8285244444444, 1453129100),
(1172, 2, 25.4490955555556, 81.8284177777778, 1453129110),
(1173, 2, 25.4483622222222, 81.8282666666667, 1453129130),
(1174, 2, 25.4483422222222, 81.8280177777778, 1453129135),
(1175, 2, 25.4483622222222, 81.82752, 1453129142),
(1176, 2, 25.4480644444444, 81.8273066666667, 1453129172),
(1177, 2, 25.44724, 81.8271644444444, 1453129190),
(1178, 2, 25.4465311111111, 81.8269688888889, 1453129220),
(1179, 2, 25.44656, 81.8266133333333, 1453129226),
(1180, 2, 25.4465466666667, 81.82632, 1453129243),
(1181, 2, 25.4465666666667, 81.82624, 1453129383),
(1182, 2, 25.44842, 81.8274844444444, 1453129506),
(1183, 2, 25.4478488888889, 81.8327911111111, 1453129607),
(1184, 2, 25.4478088888889, 81.8332088888889, 1453129617),
(1185, 2, 25.4477711111111, 81.8337511111111, 1453129627),
(1186, 2, 25.4477044444444, 81.83448, 1453129637),
(1187, 2, 25.4476444444444, 81.8351644444444, 1453129647),
(1188, 2, 25.4475666666667, 81.8359466666667, 1453129657),
(1189, 2, 25.4474955555556, 81.8367377777778, 1453129667),
(1190, 2, 25.4474266666667, 81.8375822222222, 1453129677),
(1191, 2, 25.4473466666667, 81.8383644444444, 1453129687),
(1192, 2, 25.4472777777778, 81.8391555555555, 1453129697),
(1193, 2, 25.4472333333333, 81.8397955555555, 1453129707),
(1194, 2, 25.4473088888889, 81.8400533333333, 1453129717),
(1195, 2, 25.4477822222222, 81.8404177777778, 1453129727),
(1196, 2, 25.4491888888889, 81.8439288888889, 1453129877),
(1197, 2, 25.4490866666667, 81.8443822222222, 1453129887),
(1198, 2, 25.4489288888889, 81.8449511111111, 1453129897),
(1199, 2, 25.4487488888889, 81.8455644444444, 1453129907),
(1200, 2, 25.4485044444444, 81.8463822222222, 1453129917),
(1201, 2, 25.4482622222222, 81.8472622222222, 1453129927),
(1202, 2, 25.4480355555556, 81.8480888888889, 1453129937),
(1203, 2, 25.44778, 81.84904, 1453129947),
(1204, 2, 25.4474244444444, 81.8502844444444, 1453129957),
(1205, 2, 25.4471555555556, 81.8512711111111, 1453130047),
(1206, 2, 25.44708, 81.8515377777778, 1453130054),
(1207, 2, 25.4443222222222, 81.85984, 1453130142),
(1208, 2, 25.44396, 81.8602133333333, 1453130152),
(1209, 2, 25.4436066666667, 81.86064, 1453130162),
(1210, 2, 25.4434333333333, 81.8610755555556, 1453130172),
(1211, 2, 25.4432111111111, 81.8616977777778, 1453130182),
(1212, 2, 25.4429666666667, 81.8623022222222, 1453130192),
(1213, 2, 25.4426888888889, 81.86304, 1453130202),
(1214, 2, 25.4423911111111, 81.8638488888889, 1453130212),
(1215, 2, 25.4421111111111, 81.8645955555555, 1453130222),
(1216, 2, 25.44204, 81.8647822222222, 1453130232),
(1217, 2, 25.4419288888889, 81.8651288888889, 1453130242),
(1218, 2, 25.44184, 81.8654044444444, 1453130252),
(1219, 2, 25.4416955555556, 81.8657955555555, 1453130262),
(1220, 2, 25.4415777777778, 81.8661155555555, 1453130270),
(1221, 2, 25.4417222222222, 81.8666222222222, 1453130280),
(1222, 2, 25.4418711111111, 81.8669955555556, 1453130290),
(1223, 2, 25.4421511111111, 81.8676533333333, 1453130300),
(1224, 2, 25.4422622222222, 81.8679466666667, 1453130310),
(1225, 2, 25.4423711111111, 81.8681777777778, 1453130320),
(1226, 2, 25.4425288888889, 81.8685422222222, 1453130330),
(1227, 2, 25.4427444444444, 81.8687911111111, 1453130340),
(1228, 2, 25.44302, 81.8692888888889, 1453130350),
(1229, 2, 25.4434488888889, 81.8699288888889, 1453130360),
(1230, 2, 25.4438866666667, 81.8703288888889, 1453130370),
(1231, 2, 25.4443022222222, 81.8707555555556, 1453130380),
(1232, 2, 25.4446066666667, 81.8720266666667, 1453130449),
(1233, 2, 25.44464, 81.87208, 1453133265),
(1234, 2, 25.4446622222222, 81.8731733333333, 1453133275),
(1235, 2, 25.4444244444444, 81.8742577777778, 1453133285),
(1236, 2, 25.44428, 81.8750044444444, 1453133295),
(1237, 2, 25.4443088888889, 81.8752177777778, 1453133313),
(1238, 2, 25.4443044444444, 81.8751822222222, 1453133362),
(1239, 2, 25.4443266666667, 81.8747288888889, 1453133372),
(1240, 2, 25.4446, 81.8736088888889, 1453133382),
(1241, 2, 25.4447088888889, 81.8725244444444, 1453133392),
(1242, 2, 25.44458, 81.8715466666667, 1453133402),
(1243, 2, 25.4443711111111, 81.8707466666667, 1453133412),
(1244, 2, 25.4440555555556, 81.8704888888889, 1453133422),
(1245, 2, 25.4435644444444, 81.8700711111111, 1453133432),
(1246, 2, 25.4431733333333, 81.8696177777778, 1453133442),
(1247, 2, 25.4432688888889, 81.8696888888889, 1453133536),
(1248, 2, 25.4438511111111, 81.8703111111111, 1453133546),
(1249, 2, 25.4444288888889, 81.8708355555556, 1453133556),
(1250, 2, 25.4445444444444, 81.8711377777778, 1453133560),
(1251, 2, 25.4446, 81.8716533333333, 1453133570),
(1252, 2, 25.4445977777778, 81.872, 1453133581),
(1253, 2, 25.4427755555556, 81.8689511111111, 1453134773),
(1254, 2, 25.4425555555556, 81.8687733333333, 1453134793),
(1255, 2, 25.4424577777778, 81.8684622222222, 1453134803),
(1256, 2, 25.4423288888889, 81.86816, 1453134813),
(1257, 2, 25.4424555555556, 81.8682577777778, 1453134833),
(1258, 2, 25.4434022222222, 81.8697688888889, 1453134883),
(1259, 2, 25.4446955555556, 81.8730577777778, 1453134983),
(1260, 2, 25.4443044444444, 81.8752177777778, 1453135142),
(1261, 2, 25.4442755555556, 81.8754844444444, 1453135152),
(1262, 2, 25.4445333333333, 81.8755555555555, 1453135162),
(1263, 2, 25.4448777777778, 81.8756177777778, 1453135172),
(1264, 2, 25.4452333333333, 81.8756622222222, 1453135182),
(1265, 2, 25.4455777777778, 81.8757155555556, 1453135192),
(1266, 2, 25.4461311111111, 81.8757777777778, 1453135202),
(1267, 2, 25.4480666666667, 81.8758755555555, 1453135232),
(1268, 2, 25.44828, 81.8760266666667, 1453135242),
(1269, 2, 25.4483111111111, 81.8765244444444, 1453135252),
(1270, 2, 25.4482866666667, 81.8770222222222, 1453135262),
(1271, 2, 25.4481933333333, 81.87744, 1453135272),
(1272, 2, 25.4485577777778, 81.8775555555556, 1453135292),
(1273, 2, 25.4489088888889, 81.8776177777778, 1453135302),
(1274, 2, 25.4491488888889, 81.8776888888889, 1453135312),
(1275, 2, 25.4492377777778, 81.8778577777778, 1453135322),
(1276, 2, 25.4495355555556, 81.8780266666667, 1453135342),
(1277, 2, 25.4497933333333, 81.8781155555555, 1453135352),
(1278, 2, 25.4500933333333, 81.8782133333333, 1453135378),
(1279, 2, 25.4501777777778, 81.8782133333333, 1453135392),
(1280, 2, 25.4507666666667, 81.8783111111111, 1453135422),
(1281, 2, 25.4508733333333, 81.8782933333333, 1453135452),
(1282, 2, 25.4505111111111, 81.8782311111111, 1453135479),
(1283, 2, 25.4501111111111, 81.8781866666667, 1453135688),
(1284, 2, 25.4498333333333, 81.8781511111111, 1453135698),
(1285, 2, 25.4495688888889, 81.87808, 1453135708),
(1286, 2, 25.4491577777778, 81.8777777777778, 1453135728),
(1287, 2, 25.4482, 81.8774311111111, 1453135748),
(1288, 2, 25.4482177777778, 81.8773422222222, 1453135751),
(1289, 2, 25.4483866666667, 81.8766666666667, 1453135761),
(1290, 2, 25.4483666666667, 81.8760177777778, 1453135771),
(1291, 2, 25.4481577777778, 81.8759111111111, 1453135781),
(1292, 2, 25.4479866666667, 81.8759377777778, 1453135784),
(1293, 2, 25.4472933333333, 81.8759555555555, 1453135794),
(1294, 2, 25.4465666666667, 81.8758577777778, 1453135814),
(1295, 2, 25.4463911111111, 81.87584, 1453135834);

-- --------------------------------------------------------

--
-- Table structure for table `route_excel`
--

CREATE TABLE IF NOT EXISTS `route_excel` (
  `identifier` int(11) NOT NULL,
  `excelname` varchar(255) NOT NULL,
  `createdon` int(11) NOT NULL
) ENGINE=InnoDB AUTO_INCREMENT=6 DEFAULT CHARSET=latin1;

--
-- Dumping data for table `route_excel`
--

INSERT INTO `route_excel` (`identifier`, `excelname`, `createdon`) VALUES
(1, '1453202159_place.xlsx', 1453202159),
(2, '1453202579_place.xlsx', 1453202579),
(3, '1453271041_29768_DRS Sheet(1).xlsx', 1453271041),
(4, '1453271120_29768_DRS Sheet(1).xlsx', 1453271120),
(5, '1453271276_29768_DRS Sheet(1).xlsx', 1453271276);

-- --------------------------------------------------------

--
-- Table structure for table `route_excel_data`
--

CREATE TABLE IF NOT EXISTS `route_excel_data` (
  `identifier` int(11) NOT NULL,
  `excelid` int(11) NOT NULL,
  `latitude` double NOT NULL,
  `longitude` double NOT NULL,
  `customer` varchar(255) NOT NULL,
  `address` text NOT NULL,
  `address2` text NOT NULL,
  `pincode` int(11) NOT NULL,
  `city` varchar(255) NOT NULL
) ENGINE=InnoDB AUTO_INCREMENT=44 DEFAULT CHARSET=latin1;

--
-- Dumping data for table `route_excel_data`
--

INSERT INTO `route_excel_data` (`identifier`, `excelid`, `latitude`, `longitude`, `customer`, `address`, `address2`, `pincode`, `city`) VALUES
(1, 2, 0, 0, '', '', '', 0, ''),
(2, 4, 28.6139391, 77.2090212, 'SINGH, AJEET KUMAR                                ', 'B-4,GALI NO-4,FF,VINOD NAGAR                      ', 'NR HANUMAN HOSPITAL                               ', 110092, 'New Delhi'),
(3, 4, 28.6691247, 77.3195737, 'SINGLA, NATHURAM & NUPUR                          ', 'B-91                                              ', 'VIVEK VIHAR                                       ', 110095, 'New Delhi'),
(4, 4, 28.5382513, 77.2075696, 'JOSHI, PRIYANKA                                   ', 'D/O SH. DEEP CHAND JOSHI                          ', 'W-50, GOVIND GALI - 2                             ', 110032, 'New Delhi'),
(5, 4, 28.6095544, 77.3302981, 'SUDHEEN, RACHNA & M L                             ', '# 344,PKT-E                                       ', 'MAYUR VIHAR,PHASE-III                             ', 110091, 'New Delhi'),
(6, 4, 28.5388599, 77.2221931, 'GROVER, PRATIMA & VIJAY                           ', '2-C POCKET-IV                                     ', 'MAYUR VIHAR PHASE-I                               ', 110091, 'New Delhi'),
(7, 4, 28.6568263, 77.3180611, 'KHURANA, SUNIL & MANJU                            ', 'HOUSE NO-B1, GHARONDA APARTMENTS                  ', 'SHRESHTHA VIHAR                                   ', 110092, 'New Delhi'),
(8, 4, 28.6139391, 77.2090212, 'SINGH, DEVRAJ & PARIKH, SEEMA                     ', 'D-904, ASHIANA APPTS.                             ', 'MAYUR VIHAR PHASE-I EXTENSION                     ', 110091, 'New Delhi'),
(9, 4, 28.6147804, 77.2776579, 'SINGH, MANOJ KUMAR & REKHA                        ', 'S/O RANG BAHADUR SINGH, FLAT NO-B-93. 2ND FLOOR   ', 'WEST FACING STREET NO-4. PANDAV NAGAR             ', 110092, 'New Delhi'),
(10, 4, 28.6352331, 77.3125977, 'PANDEY, NIDHI                                     ', 'FLAT NO 87, PLOT NO 115,KURMANCHAL                ', 'NIKETAN, I.P.EXTEN, PATPARGANJ                    ', 110092, 'New Delhi'),
(11, 4, 28.664484, 77.2957249, 'THAREJA, KAVITA & KAPIL                           ', '569, BHEEM GALI,                                  ', 'VISHWAS NAGAR, SHAHDARA                           ', 110032, 'New Delhi'),
(12, 4, 28.690294, 77.326008, 'VICTORIA, JOSE & JOSE, ELCY                       ', 'G-167-A/7, DILSHAD COLONY                         ', '                                                  ', 110095, 'New Delhi'),
(13, 4, 28.6363945, 77.2714051, 'ASIF, MOHD & AARA, ROSHAN                         ', 'R/307 R BLOCK RAMESH PARK                         ', 'LAXMI NAGAR                                       ', 110092, 'New Delhi'),
(14, 4, 28.6704652, 77.2933287, 'AGGARWAL, BAJRANG & DEVI, MANORAMA                ', 'B-55, FIRST FLOOR                                 ', 'JAIN MANDIR GALI, SHAKARPUR                       ', 110092, 'New Delhi'),
(15, 4, 28.5915724, 77.3091084, 'CHAUHAN, POONAM                                   ', 'A-147,4TH FLOOR,GALI NO:-17                       ', 'BLOCK-A,NEW ASHOK NAGAR                           ', 110096, 'New Delhi'),
(16, 4, 28.6260221, 77.2817925, 'SHARMA, SHRUTI                                    ', 'WB-188, WB-BLOCK                                  ', 'SHAKARPUR                                         ', 110092, 'New Delhi'),
(17, 4, 28.6147804, 77.2776579, 'CHAUHAN, PARDEEP KUMAR                            ', 'A-96, FLAT NO 2, FIRST FLOOR,  NEAR GURDWARA,     ', 'PANDAV NAGAR,                                     ', 110092, 'New Delhi'),
(18, 4, 28.6693158, 77.273287, 'JAIN, SHWETA & MANISH                             ', 'T-28A,GALI NO-8,BLK-T                             ', 'GOUTAM PURI                                       ', 110053, 'New Delhi'),
(19, 4, 28.6468173, 77.1199319, 'KUMAR, RANDHIR                                    ', 'RANDHIR KUMAR,SECOND FLOOR,H-74,                  ', 'SHAKAR PUR,MAIN MARKET.                           ', 110092, 'New Delhi'),
(20, 4, 28.6769406, 77.3058772, 'JAIN, TUSHAR                                      ', 'S/O DINESH KUMAR JAIN                             ', '23 G, BLOCK-R, DILSHAD GARDEN EAST DELHI          ', 110095, 'New Delhi'),
(21, 4, 28.635601, 77.292592, 'GROVER, RITU                                      ', 'G-176 PREET VIHAR                                 ', '                                                  ', 110092, 'New Delhi'),
(23, 5, 28.6139391, 77.2090212, 'SINGH, AJEET KUMAR                                ', 'B-4,GALI NO-4,FF,VINOD NAGAR                      ', 'NR HANUMAN HOSPITAL                               ', 110092, 'New Delhi'),
(24, 5, 28.6691247, 77.3195737, 'SINGLA, NATHURAM & NUPUR                          ', 'B-91                                              ', 'VIVEK VIHAR                                       ', 110095, 'New Delhi'),
(25, 5, 28.5382513, 77.2075696, 'JOSHI, PRIYANKA                                   ', 'D/O SH. DEEP CHAND JOSHI                          ', 'W-50, GOVIND GALI - 2                             ', 110032, 'New Delhi'),
(26, 5, 28.6095544, 77.3302981, 'SUDHEEN, RACHNA & M L                             ', '# 344,PKT-E                                       ', 'MAYUR VIHAR,PHASE-III                             ', 110091, 'New Delhi'),
(27, 5, 28.5388599, 77.2221931, 'GROVER, PRATIMA & VIJAY                           ', '2-C POCKET-IV                                     ', 'MAYUR VIHAR PHASE-I                               ', 110091, 'New Delhi'),
(28, 5, 28.6568263, 77.3180611, 'KHURANA, SUNIL & MANJU                            ', 'HOUSE NO-B1, GHARONDA APARTMENTS                  ', 'SHRESHTHA VIHAR                                   ', 110092, 'New Delhi'),
(29, 5, 28.6139391, 77.2090212, 'SINGH, DEVRAJ & PARIKH, SEEMA                     ', 'D-904, ASHIANA APPTS.                             ', 'MAYUR VIHAR PHASE-I EXTENSION                     ', 110091, 'New Delhi'),
(30, 5, 28.6147804, 77.2776579, 'SINGH, MANOJ KUMAR & REKHA                        ', 'S/O RANG BAHADUR SINGH, FLAT NO-B-93. 2ND FLOOR   ', 'WEST FACING STREET NO-4. PANDAV NAGAR             ', 110092, 'New Delhi'),
(31, 5, 28.6352331, 77.3125977, 'PANDEY, NIDHI                                     ', 'FLAT NO 87, PLOT NO 115,KURMANCHAL                ', 'NIKETAN, I.P.EXTEN, PATPARGANJ                    ', 110092, 'New Delhi'),
(32, 5, 28.664484, 77.2957249, 'THAREJA, KAVITA & KAPIL                           ', '569, BHEEM GALI,                                  ', 'VISHWAS NAGAR, SHAHDARA                           ', 110032, 'New Delhi'),
(33, 5, 28.690294, 77.326008, 'VICTORIA, JOSE & JOSE, ELCY                       ', 'G-167-A/7, DILSHAD COLONY                         ', '                                                  ', 110095, 'New Delhi'),
(34, 5, 28.6363945, 77.2714051, 'ASIF, MOHD & AARA, ROSHAN                         ', 'R/307 R BLOCK RAMESH PARK                         ', 'LAXMI NAGAR                                       ', 110092, 'New Delhi'),
(35, 5, 28.6704652, 77.2933287, 'AGGARWAL, BAJRANG & DEVI, MANORAMA                ', 'B-55, FIRST FLOOR                                 ', 'JAIN MANDIR GALI, SHAKARPUR                       ', 110092, 'New Delhi'),
(36, 5, 28.5915724, 77.3091084, 'CHAUHAN, POONAM                                   ', 'A-147,4TH FLOOR,GALI NO:-17                       ', 'BLOCK-A,NEW ASHOK NAGAR                           ', 110096, 'New Delhi'),
(37, 5, 28.6260221, 77.2817925, 'SHARMA, SHRUTI                                    ', 'WB-188, WB-BLOCK                                  ', 'SHAKARPUR                                         ', 110092, 'New Delhi'),
(38, 5, 28.6147804, 77.2776579, 'CHAUHAN, PARDEEP KUMAR                            ', 'A-96, FLAT NO 2, FIRST FLOOR,  NEAR GURDWARA,     ', 'PANDAV NAGAR,                                     ', 110092, 'New Delhi'),
(39, 5, 28.6693158, 77.273287, 'JAIN, SHWETA & MANISH                             ', 'T-28A,GALI NO-8,BLK-T                             ', 'GOUTAM PURI                                       ', 110053, 'New Delhi'),
(40, 5, 28.6468173, 77.1199319, 'KUMAR, RANDHIR                                    ', 'RANDHIR KUMAR,SECOND FLOOR,H-74,                  ', 'SHAKAR PUR,MAIN MARKET.                           ', 110092, 'New Delhi'),
(41, 5, 28.6769406, 77.3058772, 'JAIN, TUSHAR                                      ', 'S/O DINESH KUMAR JAIN                             ', '23 G, BLOCK-R, DILSHAD GARDEN EAST DELHI          ', 110095, 'New Delhi'),
(42, 5, 28.635601, 77.292592, 'GROVER, RITU                                      ', 'G-176 PREET VIHAR                                 ', '                                                  ', 110092, 'New Delhi'),
(43, 5, 28.6139391, 77.2090212, 'SINGH, KULJEET                                    ', 'HNO 152                                           ', 'STREET NO 4  DURGAPURI EXTN                       ', 110093, 'New Delhi');

-- --------------------------------------------------------

--
-- Table structure for table `school_images`
--

CREATE TABLE IF NOT EXISTS `school_images` (
  `identifier` int(11) NOT NULL,
  `schoolid` int(11) NOT NULL,
  `image` varchar(255) NOT NULL,
  `createdon` int(11) NOT NULL
) ENGINE=InnoDB AUTO_INCREMENT=9 DEFAULT CHARSET=latin1;

--
-- Dumping data for table `school_images`
--

INSERT INTO `school_images` (`identifier`, `schoolid`, `image`, `createdon`) VALUES
(1, 0, '1.jpg', 0),
(2, 0, '2.jpeg', 0),
(3, 0, '3.JPG', 0),
(4, 0, '4.jpg', 0),
(5, 0, '5.jpg', 0),
(6, 0, '6.jpg', 0),
(7, 0, '7.jpg', 0),
(8, 0, '8.jpg', 0);

-- --------------------------------------------------------

--
-- Table structure for table `school_table`
--

CREATE TABLE IF NOT EXISTS `school_table` (
  `identifier` int(11) NOT NULL,
  `school` text NOT NULL
) ENGINE=InnoDB AUTO_INCREMENT=4 DEFAULT CHARSET=latin1;

--
-- Dumping data for table `school_table`
--

INSERT INTO `school_table` (`identifier`, `school`) VALUES
(1, 'DAV School'),
(2, 'Delhi Public School'),
(3, 'Maharishi Vidhya Mandir');

-- --------------------------------------------------------

--
-- Table structure for table `tbl_accountrelated`
--

CREATE TABLE IF NOT EXISTS `tbl_accountrelated` (
  `identifier` int(11) NOT NULL,
  `enquirytype` varchar(255) NOT NULL,
  `username` varchar(255) NOT NULL,
  `comment` text NOT NULL,
  `problem` varchar(255) NOT NULL
) ENGINE=InnoDB AUTO_INCREMENT=42 DEFAULT CHARSET=latin1;

--
-- Dumping data for table `tbl_accountrelated`
--

INSERT INTO `tbl_accountrelated` (`identifier`, `enquirytype`, `username`, `comment`, `problem`) VALUES
(1, 'A', 'Account', 'hello', ''),
(2, 'A', 'Account', 'hello', ''),
(3, 'A', 'Account', 'hello', ''),
(4, 'A', 'Device', 'hello', ''),
(5, 'A', 'Device', 'hello', ''),
(6, 'A', 'Device', 'hello', ''),
(7, 'A', 'Device', 'hello', ''),
(8, 'D', 'Device', 'hello', ''),
(9, 'D', 'Device', 'vvfheghv', ''),
(10, 'D', 'Device', 'gdmng', ''),
(11, 'A', 'Account', 'gdmng', ''),
(12, 'D', 'Device', 'gdmng', ''),
(13, '', 'Account', 'abc', ''),
(14, 'A', 'abc', 'abc', ''),
(15, 'A', 'abc', 'abc', 'problem'),
(16, 'D', '', 'hgddd', 'DL1B0173'),
(17, 'D', 'rc', 'fgjjk', 'DL1B0277'),
(18, 'D', 'rc', 'hsgsa', 'DL1B0277'),
(19, 'D', 'rc', 'hello', 'DL1B0178'),
(20, 'A', 'rc', 'hello', 'DL1B0178'),
(21, 'D', 'rc', 'hgg', 'DL1B0252'),
(22, 'A', 'rc', 'hgg', 'rc'),
(23, 'D', 'rc', 'hello', 'DL1B0252'),
(24, 'D', 'rc', 'heklo', 'DL1B0263'),
(25, 'A', 'rc', 'hggg', 'rc'),
(26, 'D', 'rc', 'hello', 'DL1B0277'),
(27, 'D', 'nbhalla', 'hellotest', 'HR29AE2222'),
(28, 'D', 'nbhalla', 'heyy', 'HR29AE2222'),
(29, 'A', 'nbhalla', 'test', 'nbhalla'),
(30, 'D', 'antara', 'gdushd', 'Valsamma (01)'),
(31, 'D', 'antara', 'gdushd', 'Valsamma (01)'),
(32, 'D', 'antara', 'gdushd', 'Valsamma (01)'),
(33, 'D', 'antara', 'hello', 'Munni Bai (05)'),
(34, 'D', 'antara', 'hello', 'Munni Bai (05)'),
(35, 'D', 'antara', 'help', 'Valsamma (01)'),
(36, 'D', 'antara', 'test', 'Valsamma (01)'),
(37, 'D', 'antara', 'hello', 'Munni Bai (05)'),
(38, 'D', 'antara', 'I', 'Munni Bai (05)'),
(39, 'D', 'antara', 'shaja', 'Valsamma (01)'),
(40, 'D', 'antara', 'test', 'Manju Chaurasia (06)'),
(41, 'A', 'antara', 'hello', 'antara');

-- --------------------------------------------------------

--
-- Table structure for table `tbl_booking`
--

CREATE TABLE IF NOT EXISTS `tbl_booking` (
  `identifier` int(11) NOT NULL,
  `rosterid` int(11) NOT NULL,
  `employeeid` int(11) NOT NULL,
  `pickuplatitude` double NOT NULL,
  `pickuplongitude` double NOT NULL,
  `droplatitude` double NOT NULL,
  `droplongitude` double NOT NULL,
  `pickupaddress` text NOT NULL,
  `dropaddress` text NOT NULL,
  `createdon` int(11) NOT NULL,
  `starttime` int(11) NOT NULL,
  `endtime` int(11) NOT NULL,
  `scheduledendtime` int(11) NOT NULL,
  `actualpickuptiming` int(11) NOT NULL,
  `pickuptiming` int(11) NOT NULL,
  `trip_KM` float NOT NULL,
  `acceptflag` int(11) NOT NULL,
  `is_active` enum('Y','N') NOT NULL,
  `departflag` int(11) NOT NULL,
  `arrivalflag` int(11) NOT NULL
) ENGINE=MyISAM AUTO_INCREMENT=11 DEFAULT CHARSET=latin1;

--
-- Dumping data for table `tbl_booking`
--

INSERT INTO `tbl_booking` (`identifier`, `rosterid`, `employeeid`, `pickuplatitude`, `pickuplongitude`, `droplatitude`, `droplongitude`, `pickupaddress`, `dropaddress`, `createdon`, `starttime`, `endtime`, `scheduledendtime`, `actualpickuptiming`, `pickuptiming`, `trip_KM`, `acceptflag`, `is_active`, `departflag`, `arrivalflag`) VALUES
(2, 14, 5, 28.420501, 77.151479, 28.44187, 77.121765, 'Gwal Pahari, Tamilnadu, Tamilnadu', 'DLF Phase', 1452762005, 1452771001, 1452772000, 0, 0, 1452771000, 30, 1, 'Y', 1, 0),
(3, 15, 5, 28.4962466, 77.0887739, 28.493437, 77.09152, 'CyberHub', 'DropPoint', 1452765975, 1452766822, 0, 0, 0, 1452767400, 30, 1, 'Y', 1, 0),
(4, 15, 5, 28.555487, 77.098269, 28.4009295, 77.3144049, 'Termina 3', 'Crown Plaza', 1452765975, 0, 0, 0, 0, 1452508200, 30, 0, 'Y', 0, 0),
(5, 16, 5, 28.4962466, 77.0887739, 28.493437, 77.09152, 'CyberHub', 'DropPoint', 1452768665, 1458117434, 1458117518, 0, 0, 1452770400, 30, 1, 'Y', 1, 1),
(6, 19, 5, 28.370058, 77.330323, 28.395874, 77.313731, 'Home', 'Crown Plaza', 1452836820, 1452838505, 0, 0, 0, 1452846600, 30, 1, 'N', 1, 1),
(7, 38, 5, 28.529607, 77.271194, 28.5299125, 77.2183603, 'Crown Plaza, Faridabad', 'Select City Walk, delhi', 1452944320, 0, 0, 0, 0, 1453005000, 30, 0, 'Y', 0, 0),
(8, 38, 5, 28.4594965, 77.0266383, 28.5037059, 77.0632708, 'Global Business Park, gurgaon', 'Plot no-109, Udyog Vihar Phase-I, Gurgaon', 1452944321, 0, 0, 0, 0, 1453015800, 40, 0, 'Y', 0, 0),
(9, 39, 5, 28.529607, 77.271194, 28.5299125, 77.2183603, 'Crown Plaza, Faridabad', 'Select City Walk, delhi', 1452944458, 0, 0, 0, 0, 1453005000, 30, 0, 'Y', 0, 0),
(10, 39, 5, 28.4594965, 77.0266383, 28.5037059, 77.0632708, 'Global Business Park, gurgaon', 'Plot no-109, Udyog Vihar Phase-I, Gurgaon', 1452944459, 0, 0, 0, 0, 1453015800, 40, 1, 'Y', 1, 0);

-- --------------------------------------------------------

--
-- Table structure for table `tbl_booking_details`
--

CREATE TABLE IF NOT EXISTS `tbl_booking_details` (
  `identifier` int(11) NOT NULL,
  `bookingid` int(11) NOT NULL,
  `transporterid` int(11) NOT NULL,
  `acceptedflag` int(11) NOT NULL,
  `rejectedflag` int(11) NOT NULL,
  `carnumber` varchar(255) NOT NULL,
  `carmobile` varchar(20) NOT NULL,
  `driverid` int(11) NOT NULL,
  `drivername` varchar(255) NOT NULL,
  `drivermobile` varchar(20) NOT NULL,
  `driverimage` varchar(255) NOT NULL,
  `acceptedtime` int(11) NOT NULL,
  `rejectedtime` int(11) NOT NULL,
  `createdon` int(11) NOT NULL,
  `breakdownflag` int(11) NOT NULL,
  `breakdowntime` int(11) NOT NULL
) ENGINE=MyISAM AUTO_INCREMENT=7 DEFAULT CHARSET=latin1;

--
-- Dumping data for table `tbl_booking_details`
--

INSERT INTO `tbl_booking_details` (`identifier`, `bookingid`, `transporterid`, `acceptedflag`, `rejectedflag`, `carnumber`, `carmobile`, `driverid`, `drivername`, `drivermobile`, `driverimage`, `acceptedtime`, `rejectedtime`, `createdon`, `breakdownflag`, `breakdowntime`) VALUES
(2, 2, 6, 1, 0, 'HR29AE2222', '9911929994', 2, 'Harpal Singh', '9911929994', '1452758087_Harpal_Singh.jpg', 1452762556, 0, 1452762556, 0, 0),
(3, 3, 6, 1, 0, 'HR29AE2222', '9911929994', 2, 'Harpal Singh', '9911929994', '1452758087_Harpal_Singh.jpg', 1452766089, 0, 1452766089, 0, 0),
(4, 5, 6, 1, 0, 'HR29AE2222', '9911929994', 2, 'Harpal Singh', '9911929994', '1452758087_Harpal_Singh.jpg', 1452768695, 0, 1452768695, 0, 0),
(5, 6, 6, 1, 0, 'HR29AE2222', '9911929994', 2, 'Harpal Singh', '9911929994', '1452758087_Harpal_Singh.jpg', 1452836885, 0, 1452836885, 0, 0),
(6, 10, 6, 1, 0, 'HR29AE2222', '9911929994', 2, 'Harpal Singh', '9911929994', '1452758087_Harpal_Singh.jpg', 1453203112, 0, 1453203112, 0, 0);

-- --------------------------------------------------------

--
-- Table structure for table `tbl_booking_track`
--

CREATE TABLE IF NOT EXISTS `tbl_booking_track` (
  `identifier` int(11) NOT NULL,
  `bookingid` int(11) NOT NULL,
  `latitude` double NOT NULL,
  `longitude` double NOT NULL,
  `createdon` int(11) NOT NULL
) ENGINE=MyISAM DEFAULT CHARSET=latin1;

-- --------------------------------------------------------

--
-- Table structure for table `tbl_cars`
--

CREATE TABLE IF NOT EXISTS `tbl_cars` (
  `identifier` int(11) NOT NULL,
  `carNumber` varchar(255) NOT NULL,
  `phone` varchar(255) NOT NULL,
  `transporterid` int(11) NOT NULL,
  `createdon` int(11) NOT NULL,
  `updatedon` int(11) NOT NULL,
  `is_active` enum('Y','N') NOT NULL,
  `bookedflag` int(11) NOT NULL
) ENGINE=MyISAM AUTO_INCREMENT=10 DEFAULT CHARSET=latin1;

--
-- Dumping data for table `tbl_cars`
--

INSERT INTO `tbl_cars` (`identifier`, `carNumber`, `phone`, `transporterid`, `createdon`, `updatedon`, `is_active`, `bookedflag`) VALUES
(1, 'DL21 A0003', '9867543126', 6, 1450952429, 0, 'Y', 0),
(2, 'DL21 A0004', '9717585800', 7, 1450952636, 1451547005, 'Y', 0),
(5, 'DL21 A0001', '9599398314', 7, 1451546994, 0, 'Y', 0),
(3, 'DL21 A0005', '8888888888', 7, 1451117405, 1451282809, 'Y', 0),
(4, 'dr-89', '', 10, 1451117423, 1451283241, 'N', 0),
(6, 'DL21 A0002', '9717452778', 7, 1451547023, 0, 'Y', 0),
(7, 'DL21 A0006', '9717585802', 7, 1451547159, 0, 'Y', 0),
(8, 'DL21 A0007', '9717585801', 7, 1451547175, 0, 'Y', 0),
(9, 'HR29AE2222', '9911929994', 6, 1452755882, 1452755905, 'Y', 0);

-- --------------------------------------------------------

--
-- Table structure for table `tbl_car_phone`
--

CREATE TABLE IF NOT EXISTS `tbl_car_phone` (
  `identifier` int(11) NOT NULL,
  `phone` varchar(255) NOT NULL,
  `transporterid` int(11) NOT NULL,
  `is_active` enum('Y','N') NOT NULL,
  `createdon` int(11) NOT NULL
) ENGINE=MyISAM AUTO_INCREMENT=9 DEFAULT CHARSET=latin1;

--
-- Dumping data for table `tbl_car_phone`
--

INSERT INTO `tbl_car_phone` (`identifier`, `phone`, `transporterid`, `is_active`, `createdon`) VALUES
(1, '9999999999', 10, 'Y', 1451128049),
(2, '8888888888', 7, 'Y', 1451128965),
(3, '9599398314', 7, 'Y', 1451538294),
(4, '9717452778', 7, 'Y', 1451546956),
(5, '9717585800', 7, 'Y', 1451546972),
(6, '9717585801', 7, 'Y', 1451547133),
(7, '9717585802', 7, 'Y', 1451547145),
(8, '9911929994', 6, 'Y', 1452755897);

-- --------------------------------------------------------

--
-- Table structure for table `tbl_configuration`
--

CREATE TABLE IF NOT EXISTS `tbl_configuration` (
  `identifier` int(11) NOT NULL,
  `metakey` varchar(255) NOT NULL,
  `metavalue` varchar(20) NOT NULL
) ENGINE=MyISAM AUTO_INCREMENT=2 DEFAULT CHARSET=latin1;

--
-- Dumping data for table `tbl_configuration`
--

INSERT INTO `tbl_configuration` (`identifier`, `metakey`, `metavalue`) VALUES
(1, 'notification time transporter', '180');

-- --------------------------------------------------------

--
-- Table structure for table `tbl_devicerelated`
--

CREATE TABLE IF NOT EXISTS `tbl_devicerelated` (
  `identifier` int(11) NOT NULL,
  `deviceid` int(11) NOT NULL,
  `comment` text NOT NULL
) ENGINE=InnoDB DEFAULT CHARSET=latin1;

-- --------------------------------------------------------

--
-- Table structure for table `tbl_drivers`
--

CREATE TABLE IF NOT EXISTS `tbl_drivers` (
  `identifier` int(11) NOT NULL,
  `name` varchar(255) NOT NULL,
  `phone` varchar(255) NOT NULL,
  `image` varchar(255) NOT NULL,
  `transporterid` int(11) NOT NULL,
  `createdon` int(11) NOT NULL,
  `is_active` enum('Y','N') NOT NULL,
  `updatedon` int(11) NOT NULL
) ENGINE=MyISAM AUTO_INCREMENT=12 DEFAULT CHARSET=latin1;

--
-- Dumping data for table `tbl_drivers`
--

INSERT INTO `tbl_drivers` (`identifier`, `name`, `phone`, `image`, `transporterid`, `createdon`, `is_active`, `updatedon`) VALUES
(1, 'Rakesh Kumar', '9599398314', 'john-abraham3.jpg', 7, 1450954598, 'Y', 1452515938),
(2, 'Harpal Singh', '9911929994', '1452758087_Harpal_Singh.jpg', 6, 1450954656, 'Y', 1452758087);

-- --------------------------------------------------------

--
-- Table structure for table `tbl_employee`
--

CREATE TABLE IF NOT EXISTS `tbl_employee` (
  `identifier` int(11) NOT NULL,
  `name` varchar(255) NOT NULL,
  `email` varchar(255) NOT NULL,
  `password` varchar(255) NOT NULL,
  `phone` varchar(255) NOT NULL,
  `city` varchar(255) NOT NULL,
  `createdon` int(11) NOT NULL,
  `createdby` int(11) NOT NULL,
  `updatedon` int(11) NOT NULL,
  `updatedby` int(11) NOT NULL,
  `is_active` enum('Y','N') NOT NULL
) ENGINE=MyISAM AUTO_INCREMENT=6 DEFAULT CHARSET=latin1;

--
-- Dumping data for table `tbl_employee`
--

INSERT INTO `tbl_employee` (`identifier`, `name`, `email`, `password`, `phone`, `city`, `createdon`, `createdby`, `updatedon`, `updatedby`, `is_active`) VALUES
(1, 'Employee1', 'employee1@dummyid.com', '03a395eaf1edb673e0f99c7ca8eb156a', '9876543210', 'Delhi', 1450944396, 0, 1451115375, 9, 'Y'),
(2, 'Emp1', 'Test@dummyid.com', '3a537ba34dd8a644012282f368e10d63', '6767676767', 'delhi', 1451115305, 9, 0, 9, 'Y'),
(3, 'Naveen', 'naveen@dummyid.com', '97142b40f59fdefd046a3c3e018c7a57', '9999999999', 'Faridabad', 1452069565, 4, 1452754650, 8, 'N'),
(4, 'Naveen1', 'test1@dummyid.com', '5f4dcc3b5aa765d61d8327deb882cf99', '9123456782', 'Delhi', 1452145420, 2, 1452145648, 2, 'Y'),
(5, 'Naveen Bhalla', 'naveen@dynakode.com', '97142b40f59fdefd046a3c3e018c7a57', '9540000444', 'Faridabad', 1452755009, 2, 1452768454, 2, 'Y');

-- --------------------------------------------------------

--
-- Table structure for table `tbl_emp_trans_relation`
--

CREATE TABLE IF NOT EXISTS `tbl_emp_trans_relation` (
  `identifier` int(11) NOT NULL,
  `employeeid` int(11) NOT NULL,
  `transportarid` int(11) NOT NULL,
  `assignedby` int(11) NOT NULL,
  `createdon` int(11) NOT NULL
) ENGINE=MyISAM AUTO_INCREMENT=23 DEFAULT CHARSET=latin1;

--
-- Dumping data for table `tbl_emp_trans_relation`
--

INSERT INTO `tbl_emp_trans_relation` (`identifier`, `employeeid`, `transportarid`, `assignedby`, `createdon`) VALUES
(12, 1, 7, 9, 1451115375),
(11, 1, 6, 9, 1451115375),
(3, 2, 10, 9, 1451115305),
(20, 3, 10, 8, 1452754650),
(19, 3, 7, 8, 1452754650),
(18, 3, 6, 8, 1452754650),
(17, 4, 7, 2, 1452145648),
(22, 5, 6, 2, 1452768454);

-- --------------------------------------------------------

--
-- Table structure for table `tbl_feedback`
--

CREATE TABLE IF NOT EXISTS `tbl_feedback` (
  `identifier` int(11) NOT NULL,
  `tripid` int(11) NOT NULL,
  `driverid` int(11) NOT NULL,
  `msg` text NOT NULL,
  `rating` float NOT NULL,
  `createdon` int(11) NOT NULL
) ENGINE=InnoDB AUTO_INCREMENT=4 DEFAULT CHARSET=latin1;

--
-- Dumping data for table `tbl_feedback`
--

INSERT INTO `tbl_feedback` (`identifier`, `tripid`, `driverid`, `msg`, `rating`, `createdon`) VALUES
(1, 3, 1, 'fjdudjd', 3, 1452679657),
(2, 2, 1, 'ashdk', 2.3, 1212313),
(3, 3, 1, 'wqeq', 5, 123123);

-- --------------------------------------------------------

--
-- Table structure for table `tbl_gcm_token`
--

CREATE TABLE IF NOT EXISTS `tbl_gcm_token` (
  `identifier` int(11) NOT NULL,
  `employeeid` int(11) NOT NULL,
  `gcmtoken` text NOT NULL,
  `createdon` int(11) NOT NULL
) ENGINE=InnoDB AUTO_INCREMENT=25 DEFAULT CHARSET=latin1;

--
-- Dumping data for table `tbl_gcm_token`
--

INSERT INTO `tbl_gcm_token` (`identifier`, `employeeid`, `gcmtoken`, `createdon`) VALUES
(17, 3, 'APA91bG-yaBlG-Z2APqXXgEzRmqQFzWIlIAczHT2aFbRBULaLtDUEjzEdgbXzPvvq-gfsV6-a8h5hV4n9AxPcFMphEAHTXj0RMkFQV1DZ0pAhipxrsnaytImcSC-hqEq7BC4wWkv7zTAnOWmJV8Iu-WwcbORMZvksQ', 1452752428),
(18, 3, 'APA91bGFQIkY8-DsKUNDtToZdBDUpur2ZdYEetvG_ZcrXYAL3pgztEYf63PvHt9yrK0Xko-rs3lBgGU8iW7X1-s9SSZVl5PGLefuLJhoEEhDhTznt4JoKIzlVJ-hc_CPLcZ1s8kYtRkXdBxoPY6if9Vm2W_cLlGYQA', 1452753660),
(19, 3, 'APA91bGFQIkY8-DsKUNDtToZdBDUpur2ZdYEetvG_ZcrXYAL3pgztEYf63PvHt9yrK0Xko-rs3lBgGU8iW7X1-s9SSZVl5PGLefuLJhoEEhDhTznt4JoKIzlVJ-hc_CPLcZ1s8kYtRkXdBxoPY6if9Vm2W_cLlGYQA', 1452753761),
(20, 5, 'APA91bGFQIkY8-DsKUNDtToZdBDUpur2ZdYEetvG_ZcrXYAL3pgztEYf63PvHt9yrK0Xko-rs3lBgGU8iW7X1-s9SSZVl5PGLefuLJhoEEhDhTznt4JoKIzlVJ-hc_CPLcZ1s8kYtRkXdBxoPY6if9Vm2W_cLlGYQA', 1452755055),
(21, 5, 'APA91bHMLg-yc5wgYXvODSrvjix8OZycEsW6zdCTZY_wJ1hrp84WZeCab3TT0tEqVD9B2NkEjbu7iBOZSG0vSSAVvEXQY54WmWQHSrRhQBPTkpYzyqTV3EfHWoq0iSNGvYIeJ6M9vAwC7PU14QQtBGhzh1HMdgxokQ', 1452762494),
(22, 5, 'APA91bGFQIkY8-DsKUNDtToZdBDUpur2ZdYEetvG_ZcrXYAL3pgztEYf63PvHt9yrK0Xko-rs3lBgGU8iW7X1-s9SSZVl5PGLefuLJhoEEhDhTznt4JoKIzlVJ-hc_CPLcZ1s8kYtRkXdBxoPY6if9Vm2W_cLlGYQA', 1452928552),
(23, 5, 'APA91bFeIjKDqnc-drBsQmhTh-odtaBKLyf0sF5tYe4Kzc7bHrrPpQOSlOy-6afOppq3BoEHAZ1hcJ1k-o5IxWm_r_oLggae87aSFNYbpJwsyGTxPPytioKcfUbeTzJ0s_JbVXdLzDP46mt3LGk1KwhgOVoSHCPwgg', 1452928921),
(24, 5, 'APA91bEA7om6H1pEE4IpIhxlK1GbZdYzUw-dFLEpcXIeyQBuEJYrIvj8O-Zhbx-YC6iFnykdJgnPRkmQweh04A--qD9NHLdRR5fpdSk2iJTenN6kA3XzmEYdr2XqNe0E4yrACkelzgp3tsRpOoT8OUTIShBc4YPgNQ', 1453185484);

-- --------------------------------------------------------

--
-- Table structure for table `tbl_mobile_location`
--

CREATE TABLE IF NOT EXISTS `tbl_mobile_location` (
  `identifier` int(11) NOT NULL,
  `mobilenumber` varchar(255) NOT NULL,
  `latitude` double NOT NULL,
  `longitude` double NOT NULL,
  `createdon` int(11) NOT NULL
) ENGINE=MyISAM AUTO_INCREMENT=1329 DEFAULT CHARSET=latin1;

--
-- Dumping data for table `tbl_mobile_location`
--

INSERT INTO `tbl_mobile_location` (`identifier`, `mobilenumber`, `latitude`, `longitude`, `createdon`) VALUES
(1, '8888888888', 28.3980143, 77.3128559, 1451477755),
(2, '8888888888', 28.3983657, 77.3132079, 1451478262),
(3, '8888888888', 28.3982923, 77.3131741, 1451478422),
(4, '8888888888', 0, 0, 1451479254),
(5, '8888888888', 28.3983659, 77.3132091, 1451480172),
(6, '9599398314', 28.397651, 77.312948, 1451548565),
(7, '9717585802', 28.388191, 77.315855, 1451549099),
(8, '9717585802', 28.388923, 77.319905, 1451549100),
(9, '9717585802', 28.391233, 77.319677, 1451549200),
(10, '9599398314', 28.39818, 77.314837, 1451548567),
(11, '9599398314', 28.407051, 77.300932, 1451548569),
(12, '9717452778', 28.402464, 77.292199, 1451548570),
(13, '9717585801', 28.411556, 77.311129, 1451549125),
(14, '9717585801', 28.407921, 77.318467, 1451549175),
(15, '9717585801', 28.401697, 77.317743, 1451549230),
(16, '9717452778', 28.396915, 77.291577, 1451548575),
(17, '9717452778', 28.395405, 77.296254, 1451548577),
(18, '9717585800', 28.401659, 77.313291, 1451549305),
(19, '9717585800', 28.400834, 77.311912, 1451549350),
(20, '9717585800', 28.395138, 77.312374, 1451549405),
(21, '8888888888', 0, 0, 1451557085),
(22, '8888888888', 28.3977424, 77.3130051, 1451560990),
(23, '8888888888', 28.3977424, 77.3130051, 1451560999),
(24, '8888888888', 28.3977424, 77.3130051, 1451561009),
(25, '8888888888', 28.3977424, 77.3130051, 1451561019),
(26, '8888888888', 28.3977522, 77.3130024, 1451561021),
(27, '8888888888', 0, 0, 1451561036),
(28, '8888888888', 28.39775, 77.3129503, 1451562034),
(29, '8888888888', 28.3977125, 77.3130828, 1451562125),
(30, '8888888888', 28.3977469, 77.3130436, 1451562455),
(31, '8888888888', 28.397688, 77.3130062, 1451562847),
(32, '8888888888', 28.3976981, 77.3130556, 1451563128),
(33, '8888888888', 28.3976981, 77.3130556, 1451563138),
(34, '8888888888', 28.3976981, 77.3130556, 1451563148),
(35, '8888888888', 28.3976981, 77.3130556, 1451563158),
(36, '8888888888', 28.3976981, 77.3130556, 1451563168),
(37, '8888888888', 28.3976981, 77.3130556, 1451563178),
(38, '8888888888', 28.3976981, 77.3130556, 1451563188),
(39, '8888888888', 28.3976981, 77.3130556, 1451563198),
(40, '8888888888', 28.3976981, 77.3130556, 1451563208),
(41, '8888888888', 0, 0, 1451563212),
(42, '8888888888', 28.3973549, 77.312028, 1451563235),
(43, '8888888888', 0, 0, 1451563278),
(44, '8888888888', 28.3977125, 77.3130828, 1451563282),
(45, '8888888888', 28.3977125, 77.3130828, 1451563303),
(46, '8888888888', 28.3977125, 77.3130828, 1451563313),
(47, '8888888888', 0, 0, 1451563316),
(48, '8888888888', 28.3977125, 77.3130828, 1451563420),
(49, '8888888888', 28.3977125, 77.3130828, 1451563430),
(50, '8888888888', 28.3977125, 77.3130828, 1451563441),
(51, '8888888888', 28.3977125, 77.3130828, 1451563450),
(52, '8888888888', 28.3977125, 77.3130828, 1451563460),
(53, '8888888888', 28.3977559, 77.31303, 1451563479),
(54, '8888888888', 28.3977559, 77.31303, 1451563540),
(55, '8888888888', 28.3977559, 77.31303, 1451563550),
(56, '8888888888', 28.3977559, 77.31303, 1451563560),
(57, '8888888888', 28.3977559, 77.31303, 1451563570),
(58, '8888888888', 28.3977559, 77.31303, 1451563580),
(59, '8888888888', 28.3977559, 77.31303, 1451563590),
(60, '8888888888', 28.3977559, 77.31303, 1451563601),
(61, '8888888888', 28.3977559, 77.31303, 1451563610),
(62, '8888888888', 28.3977559, 77.31303, 1451563620),
(63, '8888888888', 28.3977559, 77.31303, 1451563630),
(64, '8888888888', 28.3977559, 77.31303, 1451563640),
(65, '8888888888', 28.3977559, 77.31303, 1451563650),
(66, '8888888888', 28.3977559, 77.31303, 1451563660),
(67, '8888888888', 28.3977559, 77.31303, 1451563670),
(68, '8888888888', 28.3977559, 77.31303, 1451563683),
(69, '8888888888', 28.3977559, 77.31303, 1451563683),
(70, '8888888888', 28.3977559, 77.31303, 1451563691),
(71, '8888888888', 28.3977559, 77.31303, 1451563700),
(72, '8888888888', 28.3977559, 77.31303, 1451563711),
(73, '8888888888', 28.3977559, 77.31303, 1451563721),
(74, '8888888888', 28.3977559, 77.31303, 1451563731),
(75, '8888888888', 28.3977559, 77.31303, 1451563741),
(76, '8888888888', 28.3977559, 77.31303, 1451563751),
(77, '8888888888', 28.3977559, 77.31303, 1451563761),
(78, '8888888888', 28.3977559, 77.31303, 1451563771),
(79, '8888888888', 28.3977559, 77.31303, 1451563781),
(80, '8888888888', 28.3977559, 77.31303, 1451563791),
(81, '8888888888', 28.3977559, 77.31303, 1451563801),
(82, '8888888888', 28.3977559, 77.31303, 1451563811),
(83, '8888888888', 28.3977559, 77.31303, 1451563821),
(84, '8888888888', 28.3977559, 77.31303, 1451563832),
(85, '8888888888', 28.3977559, 77.31303, 1451563841),
(86, '8888888888', 28.3977559, 77.31303, 1451563851),
(87, '8888888888', 28.3977559, 77.31303, 1451563862),
(88, '8888888888', 28.3977559, 77.31303, 1451563875),
(89, '8888888888', 28.3977559, 77.31303, 1451563875),
(90, '8888888888', 28.3977559, 77.31303, 1451563881),
(91, '8888888888', 28.3977559, 77.31303, 1451563891),
(92, '8888888888', 28.3977559, 77.31303, 1451563901),
(93, '8888888888', 28.3977559, 77.31303, 1451563914),
(94, '8888888888', 28.3977559, 77.31303, 1451563922),
(95, '8888888888', 28.3977559, 77.31303, 1451563932),
(96, '8888888888', 28.3977559, 77.31303, 1451563942),
(97, '8888888888', 28.3977559, 77.31303, 1451564455),
(98, '8888888888', 28.3977559, 77.31303, 1451564465),
(99, '8888888888', 28.3977559, 77.31303, 1451564475),
(100, '8888888888', 0, 0, 1451718470),
(101, '8888888888', 28.3980111, 77.3175354, 1451718853),
(102, '8888888888', 28.3980111, 77.3175354, 1451718864),
(103, '8888888888', 28.3980111, 77.3175354, 1451718874),
(104, '8888888888', 28.3980111, 77.3175354, 1451718884),
(105, '8888888888', 28.3980111, 77.3175354, 1451718894),
(106, '8888888888', 28.3980111, 77.3175354, 1451718904),
(107, '8888888888', 28.3980111, 77.3175354, 1451718914),
(108, '8888888888', 28.3980111, 77.3175354, 1451718924),
(109, '8888888888', 28.3980111, 77.3175354, 1451718934),
(110, '8888888888', 28.3980111, 77.3175354, 1451718944),
(111, '8888888888', 28.3980111, 77.3175354, 1451718954),
(112, '8888888888', 28.3980111, 77.3175354, 1451718964),
(113, '8888888888', 28.3980111, 77.3175354, 1451718974),
(114, '8888888888', 28.3980111, 77.3175354, 1451718984),
(115, '8888888888', 28.3980111, 77.3175354, 1451718994),
(116, '8888888888', 28.3980111, 77.3175354, 1451719004),
(117, '8888888888', 28.3980111, 77.3175354, 1451719014),
(118, '8888888888', 28.3980111, 77.3175354, 1451719024),
(119, '8888888888', 28.3980111, 77.3175354, 1451719035),
(120, '8888888888', 28.3980111, 77.3175354, 1451719044),
(121, '8888888888', 28.3980111, 77.3175354, 1451719055),
(122, '8888888888', 28.3980111, 77.3175354, 1451719065),
(123, '8888888888', 28.3980111, 77.3175354, 1451719075),
(124, '8888888888', 28.3980111, 77.3175354, 1451719085),
(125, '8888888888', 28.3980111, 77.3175354, 1451719095),
(126, '8888888888', 28.3980111, 77.3175354, 1451719105),
(127, '8888888888', 28.3980111, 77.3175354, 1451719115),
(128, '8888888888', 28.3980111, 77.3175354, 1451719125),
(129, '8888888888', 28.3980111, 77.3175354, 1451719135),
(130, '8888888888', 28.3980111, 77.3175354, 1451719145),
(131, '8888888888', 28.3980111, 77.3175354, 1451719155),
(132, '8888888888', 28.3980111, 77.3175354, 1451719165),
(133, '8888888888', 28.3980111, 77.3175354, 1451719175),
(134, '8888888888', 28.3980111, 77.3175354, 1451719185),
(135, '8888888888', 28.3980111, 77.3175354, 1451719195),
(136, '8888888888', 28.3980111, 77.3175354, 1451719205),
(137, '8888888888', 28.3980111, 77.3175354, 1451719416),
(138, '8888888888', 28.3980111, 77.3175354, 1451719426),
(139, '8888888888', 0, 0, 1451719436),
(140, '8888888888', 28.4009295, 77.3144049, 1451719985),
(141, '9599398314', 28.39736034628, 77.312685828656, 1451737724),
(142, '9599398314', 28.39736034628, 77.312685828656, 1451737733),
(143, '9599398314', 28.39736034628, 77.312685828656, 1451737744),
(144, '9599398314', 28.39736034628, 77.312685828656, 1451737753),
(145, '9599398314', 28.39736034628, 77.312685828656, 1451737763),
(146, '9599398314', 28.39736034628, 77.312685828656, 1451737773),
(147, '9599398314', 28.39736034628, 77.312685828656, 1451737783),
(148, '9599398314', 28.39736034628, 77.312685828656, 1451737793),
(149, '9599398314', 28.39736034628, 77.312685828656, 1451737803),
(150, '9599398314', 28.39736034628, 77.312685828656, 1451737813),
(151, '9599398314', 28.3977872, 77.3129447, 1451737828),
(152, '9599398314', 28.3976814, 77.3130066, 1451738309),
(153, '9599398314', 28.3977493, 77.3129955, 1451740677),
(154, '9599398314', 28.3977493, 77.3129955, 1451740687),
(155, '9599398314', 28.3977493, 77.3129955, 1451740697),
(156, '9599398314', 28.3977493, 77.3129955, 1451740707),
(157, '9599398314', 28.3977493, 77.3129955, 1451740717),
(158, '9599398314', 28.3977493, 77.3129955, 1451740727),
(159, '9599398314', 28.3977493, 77.3129955, 1451740737),
(160, '9599398314', 28.3977493, 77.3129955, 1451740747),
(161, '9599398314', 28.3977493, 77.3129955, 1451740757),
(162, '9599398314', 28.3977493, 77.3129955, 1451740767),
(163, '9599398314', 28.3977493, 77.3129955, 1451740777),
(164, '9599398314', 28.3977493, 77.3129955, 1451740787),
(165, '9599398314', 28.3977493, 77.3129955, 1451740797),
(166, '9599398314', 28.3977493, 77.3129955, 1451740807),
(167, '9599398314', 28.3977493, 77.3129955, 1451740817),
(168, '9599398314', 28.3977493, 77.3129955, 1451740827),
(169, '9599398314', 28.3977493, 77.3129955, 1451740837),
(170, '9599398314', 28.3977493, 77.3129955, 1451740847),
(171, '9599398314', 28.3977493, 77.3129955, 1451740857),
(172, '9599398314', 28.3977493, 77.3129955, 1451740867),
(173, '9599398314', 28.3977787, 77.3129244, 1451740881),
(174, '9599398314', 28.3977509, 77.3130659, 1451740974),
(175, '9599398314', 28.3976837, 77.3130073, 1451741334),
(176, '9599398314', 28.3977406, 77.3130151, 1451884371),
(177, '9599398314', 28.3977317, 77.3130242, 1451884641),
(178, '9599398314', 28.3977124, 77.3130818, 1451884863),
(179, '9599398314', 28.397714, 77.3129987, 1451886411),
(180, '9599398314', 28.397714, 77.3129987, 1451886421),
(181, '9599398314', 28.397714, 77.3129987, 1451886431),
(182, '9599398314', 28.397714, 77.3129987, 1451886441),
(183, '9599398314', 28.397714, 77.3129987, 1451886451),
(184, '9599398314', 28.397714, 77.3129987, 1451886454),
(185, '9599398314', 28.397714, 77.3129987, 1451886461),
(186, '9599398314', 28.397714, 77.3129987, 1451886477),
(187, '9599398314', 28.397714, 77.3129987, 1451886497),
(188, '9599398314', 28.397714, 77.3129987, 1451886504),
(189, '9599398314', 28.397714, 77.3129987, 1451886519),
(190, '9599398314', 28.3991452, 77.3132152, 1451887045),
(191, '9599398314', 28.3977536, 77.3129415, 1451888821),
(192, '9599398314', 28.3977536, 77.3129415, 1451888831),
(193, '9599398314', 28.3977536, 77.3129415, 1451888841),
(194, '9599398314', 28.3977536, 77.3129415, 1451888851),
(195, '9599398314', 28.3977536, 77.3129415, 1451888861),
(196, '9599398314', 28.3977295, 77.3129987, 1451888881),
(197, '9599398314', 28.3977121, 77.3130839, 1451889642),
(198, '9599398314', 28.3977811, 77.3129497, 1451891007),
(199, '9599398314', 28.397762, 77.312927, 1451891387),
(200, '9599398314', 28.397788, 77.3128352, 1451891624),
(201, '9599398314', 28.397788, 77.3128352, 1451891694),
(202, '9599398314', 28.397788, 77.3128352, 1451891697),
(203, '9599398314', 28.397788, 77.3128352, 1451891707),
(204, '9599398314', 28.397788, 77.3128352, 1451891718),
(205, '9599398314', 28.3977719, 77.312915, 1451891787),
(206, '9599398314', 28.3977719, 77.312915, 1451891797),
(207, '9599398314', 28.3977719, 77.312915, 1451891807),
(208, '9599398314', 28.3977719, 77.312915, 1451891817),
(209, '9599398314', 28.3977719, 77.312915, 1451891828),
(210, '9599398314', 28.3977719, 77.312915, 1451891837),
(211, '9599398314', 28.3977719, 77.312915, 1451891847),
(212, '9599398314', 28.3977719, 77.312915, 1451891857),
(213, '9599398314', 28.3977719, 77.312915, 1451891868),
(214, '9599398314', 28.3977719, 77.312915, 1451891877),
(215, '9599398314', 28.3977719, 77.312915, 1451891887),
(216, '9599398314', 28.3977719, 77.312915, 1451891897),
(217, '9599398314', 28.3977719, 77.312915, 1451891907),
(218, '9599398314', 28.3977719, 77.312915, 1451891917),
(219, '9599398314', 28.3977719, 77.312915, 1451891927),
(220, '9599398314', 28.3978228, 77.3128209, 1451891945),
(221, '9599398314', 28.3977794, 77.3129228, 1451892278),
(222, '9599398314', 28.3977918, 77.3128623, 1451892338),
(223, '9599398314', 28.3977716, 77.3129457, 1451893060),
(224, '9599398314', 28.3977716, 77.3129457, 1451893070),
(225, '9599398314', 28.3977716, 77.3129457, 1451893080),
(226, '9599398314', 28.3977716, 77.3129457, 1451893090),
(227, '9599398314', 28.3977716, 77.3129457, 1451893100),
(228, '9599398314', 28.3977716, 77.3129457, 1451893111),
(229, '9599398314', 28.3977716, 77.3129457, 1451893120),
(230, '9599398314', 28.3977716, 77.3129457, 1451893130),
(231, '9599398314', 28.3977716, 77.3129457, 1451893140),
(232, '9599398314', 28.3977716, 77.3129457, 1451893150),
(233, '9599398314', 28.3977716, 77.3129457, 1451893160),
(234, '9599398314', 28.3977716, 77.3129457, 1451893171),
(235, '9599398314', 28.3977716, 77.3129457, 1451893180),
(236, '9599398314', 28.3977716, 77.3129457, 1451893190),
(237, '9599398314', 28.3977716, 77.3129457, 1451893201),
(238, '9599398314', 28.3977716, 77.3129457, 1451893211),
(239, '9599398314', 28.3977716, 77.3129457, 1451893221),
(240, '9599398314', 28.3977716, 77.3129457, 1451893231),
(241, '9599398314', 28.3977716, 77.3129457, 1451893241),
(242, '9599398314', 28.3977716, 77.3129457, 1451893251),
(243, '9599398314', 28.3977716, 77.3129457, 1451893261),
(244, '9599398314', 28.3977716, 77.3129457, 1451893271),
(245, '9599398314', 28.3977716, 77.3129457, 1451893281),
(246, '9599398314', 28.3977716, 77.3129457, 1451893291),
(247, '9599398314', 28.3977716, 77.3129457, 1451893301),
(248, '9599398314', 28.3977716, 77.3129457, 1451893312),
(249, '9599398314', 28.3977746, 77.3129441, 1451893329),
(250, '9599398314', 28.3977713, 77.312953, 1451893375),
(251, '9599398314', 28.3977377, 77.3130365, 1451893686),
(252, '9599398314', 28.3977516, 77.3129757, 1451893878),
(253, '9599398314', 28.3977784, 77.3129794, 1451894372),
(254, '9599398314', 28.3977966, 77.3128252, 1451894478),
(255, '9599398314', 28.3977966, 77.3128252, 1451894743),
(256, '9599398314', 28.3977966, 77.3128252, 1451894752),
(257, '9599398314', 28.3977966, 77.3128252, 1451894763),
(258, '9599398314', 28.3977966, 77.3128252, 1451894772),
(259, '9599398314', 28.3977966, 77.3128252, 1451894783),
(260, '9599398314', 28.3977966, 77.3128252, 1451894793),
(261, '9599398314', 28.3977966, 77.3128252, 1451894803),
(262, '9599398314', 28.3977966, 77.3128252, 1451894813),
(263, '9599398314', 28.3977966, 77.3128252, 1451894823),
(264, '9599398314', 28.3977966, 77.3128252, 1451894833),
(265, '9599398314', 28.3977966, 77.3128252, 1451894843),
(266, '9599398314', 28.3977966, 77.3128252, 1451894853),
(267, '9599398314', 28.3977966, 77.3128252, 1451894863),
(268, '9599398314', 28.3977966, 77.3128252, 1451894873),
(269, '9599398314', 28.3977966, 77.3128252, 1451894883),
(270, '9599398314', 28.3977966, 77.3128252, 1451894893),
(271, '9599398314', 28.3977966, 77.3128252, 1451894903),
(272, '9599398314', 28.3977966, 77.3128252, 1451894913),
(273, '9599398314', 28.3977966, 77.3128252, 1451894923),
(274, '9599398314', 28.3977966, 77.3128252, 1451894933),
(275, '9599398314', 28.3977966, 77.3128252, 1451894943),
(276, '9599398314', 28.3977966, 77.3128252, 1451894953),
(277, '9599398314', 28.3977966, 77.3128252, 1451894963),
(278, '9599398314', 28.3977966, 77.3128252, 1451894973),
(279, '9599398314', 28.3977966, 77.3128252, 1451894983),
(280, '9599398314', 28.3977966, 77.3128252, 1451894993),
(281, '9599398314', 28.3977966, 77.3128252, 1451895003),
(282, '9599398314', 28.397757, 77.3129526, 1451895021),
(283, '9599398314', 28.3977476, 77.3129621, 1451895323),
(284, '9599398314', 28.3977767, 77.3128465, 1451896114),
(285, '9599398314', 28.3977768, 77.3127994, 1451899228),
(286, '9599398314', 28.397361, 77.3120254, 1451906023),
(287, '9599398314', 28.3979612449184, 77.3123642988503, 1451913088),
(288, '9599398314', 28.3979612449184, 77.3123642988503, 1451913097),
(289, '9599398314', 28.3979612449184, 77.3123642988503, 1451913107),
(290, '9599398314', 28.3979612449184, 77.3123642988503, 1451913117),
(291, '9599398314', 28.3979612449184, 77.3123642988503, 1451913127),
(292, '9599398314', 28.3979612449184, 77.3123642988503, 1451913137),
(293, '9599398314', 28.3979612449184, 77.3123642988503, 1451913148),
(294, '9599398314', 28.3979612449184, 77.3123642988503, 1451913157),
(295, '9599398314', 28.3979612449184, 77.3123642988503, 1451913167),
(296, '9599398314', 28.3979612449184, 77.3123642988503, 1451913177),
(297, '9599398314', 28.3979612449184, 77.3123642988503, 1451913187),
(298, '9599398314', 28.3979612449184, 77.3123642988503, 1451913197),
(299, '9599398314', 28.3979612449184, 77.3123642988503, 1451913208),
(300, '9599398314', 28.3979612449184, 77.3123642988503, 1451913217),
(301, '9599398314', 28.3979612449184, 77.3123642988503, 1451913227),
(302, '9599398314', 28.3979612449184, 77.3123642988503, 1451913237),
(303, '9599398314', 28.3979612449184, 77.3123642988503, 1451913247),
(304, '9599398314', 28.3979612449184, 77.3123642988503, 1451913257),
(305, '9599398314', 28.3979612449184, 77.3123642988503, 1451913268),
(306, '9599398314', 28.3979612449184, 77.3123642988503, 1451913278),
(307, '9599398314', 28.3979612449184, 77.3123642988503, 1451913287),
(308, '9599398314', 28.3979612449184, 77.3123642988503, 1451913297),
(309, '9599398314', 28.3979612449184, 77.3123642988503, 1451913308),
(310, '9599398314', 28.3979612449184, 77.3123642988503, 1451913318),
(311, '9599398314', 28.3979612449184, 77.3123642988503, 1451913328),
(312, '9599398314', 28.3979612449184, 77.3123642988503, 1451913337),
(313, '9599398314', 28.3979612449184, 77.3123642988503, 1451913348),
(314, '9599398314', 28.3979612449184, 77.3123642988503, 1451913358),
(315, '9599398314', 28.3979612449184, 77.3123642988503, 1451913368),
(316, '9599398314', 28.3979612449184, 77.3123642988503, 1451913378),
(317, '9599398314', 28.3979612449184, 77.3123642988503, 1451913388),
(318, '9599398314', 28.3979612449184, 77.3123642988503, 1451913398),
(319, '9599398314', 28.3979612449184, 77.3123642988503, 1451913408),
(320, '9599398314', 28.3977123, 77.3130816, 1451913423),
(321, '9599398314', 28.3977125, 77.3130828, 1451914252),
(322, '9599398314', 28.3977124, 77.3130818, 1451914364),
(323, '9599398314', 28.3977123, 77.3130813, 1451914887),
(324, '9599398314', 28.3976781, 77.3130004, 1451970704),
(325, '9599398314', 28.3976781, 77.3130004, 1451970714),
(326, '9599398314', 28.3976781, 77.3130004, 1451970724),
(327, '9599398314', 28.3976781, 77.3130004, 1451970734),
(328, '9599398314', 28.3976781, 77.3130004, 1451970744),
(329, '9599398314', 28.3976781, 77.3130004, 1451970754),
(330, '9599398314', 28.3976781, 77.3130004, 1451970764),
(331, '9599398314', 28.3976781, 77.3130004, 1451970774),
(332, '9599398314', 28.3976781, 77.3130004, 1451970784),
(333, '9599398314', 28.3976781, 77.3130004, 1451970794),
(334, '9599398314', 28.3976781, 77.3130004, 1451970804),
(335, '9599398314', 28.3976781, 77.3130004, 1451970814),
(336, '9599398314', 28.3976781, 77.3130004, 1451970824),
(337, '9599398314', 28.3976781, 77.3130004, 1451970834),
(338, '9599398314', 28.3976781, 77.3130004, 1451970844),
(339, '9599398314', 28.3976781, 77.3130004, 1451970854),
(340, '9599398314', 28.3976781, 77.3130004, 1451970864),
(341, '9599398314', 28.3976781, 77.3130004, 1451970874),
(342, '9599398314', 28.3976781, 77.3130004, 1451970884),
(343, '9599398314', 28.3976781, 77.3130004, 1451970896),
(344, '9599398314', 28.3976781, 77.3130004, 1451970905),
(345, '9599398314', 28.3976781, 77.3130004, 1451970914),
(346, '9599398314', 28.3976781, 77.3130004, 1451970924),
(347, '9599398314', 28.3976781, 77.3130004, 1451970934),
(348, '9599398314', 28.3976781, 77.3130004, 1451970944),
(349, '9599398314', 28.3976781, 77.3130004, 1451970955),
(350, '9599398314', 28.3976781, 77.3130004, 1451970964),
(351, '9599398314', 28.3976781, 77.3130004, 1451970975),
(352, '9599398314', 28.3976781, 77.3130004, 1451970984),
(353, '9599398314', 28.3976781, 77.3130004, 1451970995),
(354, '9599398314', 28.3976781, 77.3130004, 1451971004),
(355, '9599398314', 28.3976781, 77.3130004, 1451971014),
(356, '9599398314', 28.3976781, 77.3130004, 1451971024),
(357, '9599398314', 28.3976781, 77.3130004, 1451971034),
(358, '9599398314', 28.3976781, 77.3130004, 1451971044),
(359, '9599398314', 28.3976781, 77.3130004, 1451971054),
(360, '9599398314', 28.3976781, 77.3130004, 1451971064),
(361, '9599398314', 28.3976781, 77.3130004, 1451971074),
(362, '9599398314', 28.3976781, 77.3130004, 1451971084),
(363, '9599398314', 28.3976781, 77.3130004, 1451971094),
(364, '9599398314', 28.3976781, 77.3130004, 1451971104),
(365, '9599398314', 28.3976781, 77.3130004, 1451971114),
(366, '9599398314', 28.3976781, 77.3130004, 1451971125),
(367, '9599398314', 28.3976781, 77.3130004, 1451971134),
(368, '9599398314', 28.3976781, 77.3130004, 1451971144),
(369, '9599398314', 28.3976781, 77.3130004, 1451971154),
(370, '9599398314', 28.3976781, 77.3130004, 1451971164),
(371, '9599398314', 28.3976781, 77.3130004, 1451971174),
(372, '9599398314', 28.3976781, 77.3130004, 1451971184),
(373, '9599398314', 28.3976781, 77.3130004, 1451971195),
(374, '9599398314', 28.3976781, 77.3130004, 1451971204),
(375, '9599398314', 28.3976781, 77.3130004, 1451971214),
(376, '9599398314', 28.397724, 77.3130132, 1451971225),
(377, '9599398314', 28.3976515, 77.3129431, 1451971564),
(378, '9599398314', 28.3976279, 77.312875, 1451971670),
(379, '9599398314', 28.3977283, 77.3129975, 1451973015),
(380, '9599398314', 28.3977123, 77.3130813, 1451973114),
(381, '9599398314', 28.3976795, 77.313004, 1451973277),
(382, '9599398314', 28.3977414, 77.3129588, 1451975159),
(383, '9599398314', 28.3977414, 77.3129588, 1451975162),
(384, '9599398314', 28.3977414, 77.3129588, 1451975172),
(385, '9599398314', 28.3977414, 77.3129588, 1451975182),
(386, '9599398314', 28.3977414, 77.3129588, 1451975192),
(387, '9599398314', 28.3977414, 77.3129588, 1451975202),
(388, '9599398314', 28.3977414, 77.3129588, 1451975219),
(389, '9599398314', 28.3977414, 77.3129588, 1451975368),
(390, '9599398314', 28.3977414, 77.3129588, 1451975426),
(391, '9599398314', 28.3977414, 77.3129588, 1451975779),
(392, '9599398314', 28.3977414, 77.3129588, 1451975788),
(393, '9599398314', 28.3977414, 77.3129588, 1451975798),
(394, '9599398314', 28.3977414, 77.3129588, 1451975809),
(395, '9599398314', 28.3976602, 77.3129335, 1451975819),
(396, '9599398314', 28.3975357, 77.3128692, 1451975928),
(397, '9599398314', 28.3977091, 77.3127817, 1451976124),
(398, '9599398314', 28.3977484, 77.312979, 1451976883),
(399, '9599398314', 28.3977478, 77.312965, 1451978658),
(400, '9599398314', 28.3976387, 77.3128875, 1451982068),
(401, '9599398314', 28.3977388, 77.3128568, 1451984288),
(402, '9599398314', 28.3977453, 77.3130041, 1451986250),
(403, '9599398314', 28.3977316, 77.3129358, 1451986527),
(404, '9599398314', 28.3977998, 77.312794, 1451987762),
(405, '9599398314', 28.3978034, 77.3129311, 1451988027),
(406, '9599398314', 28.3977866, 77.3128736, 1451988175),
(407, '9599398314', 28.397741, 77.3130241, 1451989699),
(408, '9599398314', 28.397741, 77.3130241, 1451989709),
(409, '9599398314', 28.397741, 77.3130241, 1451989719),
(410, '9599398314', 28.397741, 77.3130241, 1451989729),
(411, '9599398314', 28.397741, 77.3130241, 1451989739),
(412, '9599398314', 28.397741, 77.3130241, 1451989749),
(413, '9599398314', 28.397741, 77.3130241, 1451989759),
(414, '9599398314', 28.397741, 77.3130241, 1451989769),
(415, '9599398314', 28.397741, 77.3130241, 1451989779),
(416, '9599398314', 28.397741, 77.3130241, 1451989791),
(417, '9599398314', 28.397741, 77.3130241, 1451989799),
(418, '9599398314', 28.397741, 77.3130241, 1451989809),
(419, '9599398314', 28.397741, 77.3130241, 1451989819),
(420, '9599398314', 28.397741, 77.3130241, 1451989829),
(421, '9599398314', 28.397741, 77.3130241, 1451989839),
(422, '9599398314', 28.397741, 77.3130241, 1451989849),
(423, '9599398314', 28.397741, 77.3130241, 1451989859),
(424, '9599398314', 28.397741, 77.3130241, 1451989869),
(425, '9599398314', 28.397741, 77.3130241, 1451989879),
(426, '9599398314', 28.397741, 77.3130241, 1451989889),
(427, '9599398314', 28.397741, 77.3130241, 1451989899),
(428, '9599398314', 28.397741, 77.3130241, 1451989910),
(429, '9599398314', 28.397741, 77.3130241, 1451989919),
(430, '9599398314', 28.397741, 77.3130241, 1451989929),
(431, '9599398314', 28.397741, 77.3130241, 1451989939),
(432, '9599398314', 28.397741, 77.3130241, 1451989949),
(433, '9599398314', 28.397741, 77.3130241, 1451989959),
(434, '9599398314', 28.397741, 77.3130241, 1451989970),
(435, '9599398314', 28.397741, 77.3130241, 1451989979),
(436, '9599398314', 28.397741, 77.3130241, 1451989989),
(437, '9599398314', 28.397741, 77.3130241, 1451990000),
(438, '9599398314', 28.397741, 77.3130241, 1451990009),
(439, '9599398314', 28.397741, 77.3130241, 1451990019),
(440, '9599398314', 28.3977426, 77.3130154, 1451990029),
(441, '9599398314', 28.3977901, 77.3129785, 1451990308),
(442, '9599398314', 28.3977901, 77.3129785, 1451990334),
(443, '9599398314', 28.3977901, 77.3129785, 1451990344),
(444, '9599398314', 28.3977901, 77.3129785, 1451990354),
(445, '9599398314', 28.3977901, 77.3129785, 1451990364),
(446, '9599398314', 28.3977901, 77.3129785, 1451990374),
(447, '9599398314', 28.3977901, 77.3129785, 1451990385),
(448, '9599398314', 28.3977901, 77.3129785, 1451990394),
(449, '9599398314', 28.3977901, 77.3129785, 1451990404),
(450, '9599398314', 28.3977901, 77.3129785, 1451990414),
(451, '9599398314', 28.3977901, 77.3129785, 1451990424),
(452, '9599398314', 28.3977901, 77.3129785, 1451990434),
(453, '9599398314', 28.3977901, 77.3129785, 1451990444),
(454, '9599398314', 28.3977901, 77.3129785, 1451990454),
(455, '9599398314', 28.3977901, 77.3129785, 1451990464),
(456, '9599398314', 28.3977901, 77.3129785, 1451990474),
(457, '9599398314', 28.3977901, 77.3129785, 1451990484),
(458, '9599398314', 28.3977901, 77.3129785, 1451990494),
(459, '9599398314', 28.3977901, 77.3129785, 1451990504),
(460, '9599398314', 28.3977901, 77.3129785, 1451990514),
(461, '9599398314', 28.3977901, 77.3129785, 1451990524),
(462, '9599398314', 28.3977901, 77.3129785, 1451990534),
(463, '9599398314', 28.3977901, 77.3129785, 1451990544),
(464, '9599398314', 28.3977901, 77.3129785, 1451990554),
(465, '9599398314', 28.3977901, 77.3129785, 1451990564),
(466, '9599398314', 28.3977901, 77.3129785, 1451990574),
(467, '9599398314', 28.3977901, 77.3129785, 1451990584),
(468, '9599398314', 28.3977901, 77.3129785, 1451990594),
(469, '9599398314', 28.3977901, 77.3129785, 1451990604),
(470, '9599398314', 28.3977901, 77.3129785, 1451990614),
(471, '9599398314', 28.3977901, 77.3129785, 1451990624),
(472, '9599398314', 28.3977901, 77.3129785, 1451990634),
(473, '9599398314', 28.3977901, 77.3129785, 1451990644),
(474, '9599398314', 28.3977901, 77.3129785, 1451990654),
(475, '9599398314', 28.3977901, 77.3129785, 1451990664),
(476, '9599398314', 28.3977901, 77.3129785, 1451990674),
(477, '9599398314', 28.3977901, 77.3129785, 1451990685),
(478, '9599398314', 28.3977901, 77.3129785, 1451990716),
(479, '9599398314', 28.3977901, 77.3129785, 1451990725),
(480, '9599398314', 28.3977901, 77.3129785, 1451990735),
(481, '9599398314', 28.3977901, 77.3129785, 1451990745),
(482, '9599398314', 28.3977901, 77.3129785, 1451990756),
(483, '9599398314', 28.3977901, 77.3129785, 1451990767),
(484, '9599398314', 28.3977901, 77.3129785, 1451990776),
(485, '9599398314', 28.3977901, 77.3129785, 1451990786),
(486, '9599398314', 28.3977901, 77.3129785, 1451990796),
(487, '9599398314', 28.3977901, 77.3129785, 1451990806),
(488, '9599398314', 28.3977901, 77.3129785, 1451990816),
(489, '9599398314', 28.3977901, 77.3129785, 1451990826),
(490, '9599398314', 28.3977901, 77.3129785, 1451990836),
(491, '9599398314', 28.3977901, 77.3129785, 1451990846),
(492, '9599398314', 28.3977901, 77.3129785, 1451990856),
(493, '9599398314', 28.3977901, 77.3129785, 1451990866),
(494, '9599398314', 28.3977901, 77.3129785, 1451990876),
(495, '9599398314', 28.3977901, 77.3129785, 1451990886),
(496, '9599398314', 28.3977901, 77.3129785, 1451990896),
(497, '9599398314', 28.3977901, 77.3129785, 1451990906),
(498, '9599398314', 28.3977901, 77.3129785, 1451990916),
(499, '9599398314', 28.3977901, 77.3129785, 1451990926),
(500, '9599398314', 28.3977901, 77.3129785, 1451990936),
(501, '9599398314', 28.3977901, 77.3129785, 1451990946),
(502, '9599398314', 28.3977901, 77.3129785, 1451990956),
(503, '9599398314', 28.3977901, 77.3129785, 1451990968),
(504, '9599398314', 28.3977901, 77.3129785, 1451990976),
(505, '9599398314', 28.3977901, 77.3129785, 1451990987),
(506, '9599398314', 28.3977901, 77.3129785, 1451990996),
(507, '9599398314', 28.3977901, 77.3129785, 1451991006),
(508, '9599398314', 28.3977901, 77.3129785, 1451991016),
(509, '9599398314', 28.3977901, 77.3129785, 1451991026),
(510, '9599398314', 28.3977901, 77.3129785, 1451991037),
(511, '9599398314', 28.3977901, 77.3129785, 1451991046),
(512, '9599398314', 28.3977901, 77.3129785, 1451991056),
(513, '9599398314', 28.3977901, 77.3129785, 1451991066),
(514, '9599398314', 28.3977901, 77.3129785, 1451991139),
(515, '9599398314', 28.3977901, 77.3129785, 1451991242),
(516, '9599398314', 28.3977901, 77.3129785, 1451991259),
(517, '9599398314', 28.3977901, 77.3129785, 1451991298),
(518, '9599398314', 28.3977901, 77.3129785, 1451991324),
(519, '9599398314', 28.3977901, 77.3129785, 1451991347),
(520, '9599398314', 28.3977901, 77.3129785, 1451991357),
(521, '9599398314', 28.3977901, 77.3129785, 1451991367),
(522, '9599398314', 28.3977901, 77.3129785, 1451991377),
(523, '9599398314', 28.3977901, 77.3129785, 1451991387),
(524, '9599398314', 28.3977901, 77.3129785, 1451991397),
(525, '9599398314', 28.3977901, 77.3129785, 1451991407),
(526, '9599398314', 28.3977901, 77.3129785, 1451991507),
(527, '9599398314', 28.3977901, 77.3129785, 1451991619),
(528, '9599398314', 28.3977901, 77.3129785, 1451991665),
(529, '9599398314', 28.3977901, 77.3129785, 1451991803),
(530, '9599398314', 28.3977901, 77.3129785, 1451991813),
(531, '9599398314', 28.3977901, 77.3129785, 1451991823),
(532, '9599398314', 28.3977901, 77.3129785, 1451991833),
(533, '9599398314', 28.3978038, 77.3128854, 1451991842),
(534, '9599398314', 28.3978038, 77.3128854, 1451991898),
(535, '9599398314', 28.3978038, 77.3128854, 1451991908),
(536, '9599398314', 28.3978038, 77.3128854, 1451991918),
(537, '9599398314', 28.3978038, 77.3128854, 1451991928),
(538, '9599398314', 28.3978038, 77.3128854, 1451991938),
(539, '9599398314', 28.3978038, 77.3128854, 1451991948),
(540, '9599398314', 28.3978038, 77.3128854, 1451991958),
(541, '9599398314', 28.3978038, 77.3128854, 1451991968),
(542, '9599398314', 28.3978038, 77.3128854, 1451991978),
(543, '9599398314', 28.3978038, 77.3128854, 1451991989),
(544, '9599398314', 28.3978038, 77.3128854, 1451991998),
(545, '9599398314', 28.3977124, 77.3130818, 1451992017),
(546, '9599398314', 28.3977124, 77.3130818, 1451992072),
(547, '9599398314', 28.3977124, 77.3130818, 1451992082),
(548, '9599398314', 28.3977124, 77.3130818, 1451992092),
(549, '9599398314', 28.3977124, 77.3130818, 1451992102),
(550, '9599398314', 28.3977124, 77.3130818, 1451992112),
(551, '9599398314', 28.3977955, 77.3131312, 1451992129),
(552, '9599398314', 28.3977125, 77.3130828, 1451992176),
(553, '9599398314', 28.397713, 77.313084, 1451992333),
(554, '9599398314', 28.3977622, 77.3130202, 1451992685),
(555, '9599398314', 28.3977622, 77.3130202, 1451992828),
(556, '9599398314', 28.3977622, 77.3130202, 1451992838),
(557, '9599398314', 28.3977622, 77.3130202, 1451992848),
(558, '9599398314', 28.3977622, 77.3130202, 1451992858),
(559, '9599398314', 28.3977622, 77.3130202, 1451992869),
(560, '9599398314', 28.3977622, 77.3130202, 1451992878),
(561, '9599398314', 28.3977622, 77.3130202, 1451992888),
(562, '9599398314', 28.3977622, 77.3130202, 1451992899),
(563, '9599398314', 28.3977622, 77.3130202, 1451992908),
(564, '9599398314', 28.3977622, 77.3130202, 1451992918),
(565, '9599398314', 28.3977622, 77.3130202, 1451992928),
(566, '9599398314', 28.3977622, 77.3130202, 1451992939),
(567, '9599398314', 28.3977622, 77.3130202, 1451992949),
(568, '9599398314', 28.3977622, 77.3130202, 1451992958),
(569, '9599398314', 28.3977622, 77.3130202, 1451992968),
(570, '9599398314', 28.3977622, 77.3130202, 1451992978),
(571, '9599398314', 28.3977622, 77.3130202, 1451992988),
(572, '9599398314', 28.3977622, 77.3130202, 1451992998),
(573, '9599398314', 28.3977622, 77.3130202, 1451993008),
(574, '9599398314', 28.3977622, 77.3130202, 1451993020),
(575, '9599398314', 28.3977622, 77.3130202, 1451993028),
(576, '9599398314', 28.3977622, 77.3130202, 1451993038),
(577, '9599398314', 28.3977622, 77.3130202, 1451993048),
(578, '9599398314', 28.3977622, 77.3130202, 1451993058),
(579, '9599398314', 28.3977622, 77.3130202, 1451993069),
(580, '9599398314', 28.3977622, 77.3130202, 1451993078),
(581, '9599398314', 28.3977622, 77.3130202, 1451993088),
(582, '9599398314', 28.3977622, 77.3130202, 1451993099),
(583, '9599398314', 28.3977622, 77.3130202, 1451993109),
(584, '9599398314', 28.3977622, 77.3130202, 1451993119),
(585, '9599398314', 28.3977622, 77.3130202, 1451993129),
(586, '9599398314', 28.3977622, 77.3130202, 1451993139),
(587, '9599398314', 28.3977622, 77.3130202, 1451993149),
(588, '9599398314', 28.3977622, 77.3130202, 1451993161),
(589, '9599398314', 28.3977622, 77.3130202, 1451993162),
(590, '9599398314', 28.3977622, 77.3130202, 1451993169),
(591, '9599398314', 28.3977622, 77.3130202, 1451993179),
(592, '9599398314', 28.3977622, 77.3130202, 1451993189),
(593, '9599398314', 28.3977622, 77.3130202, 1451993199),
(594, '9599398314', 28.3977622, 77.3130202, 1451993209),
(595, '9599398314', 28.3977622, 77.3130202, 1451993219),
(596, '9599398314', 28.3977622, 77.3130202, 1451993229),
(597, '9599398314', 28.3977622, 77.3130202, 1451993239),
(598, '9599398314', 28.3977622, 77.3130202, 1451993249),
(599, '9599398314', 28.3977622, 77.3130202, 1451993259),
(600, '9599398314', 28.3977622, 77.3130202, 1451993269),
(601, '9599398314', 28.3977622, 77.3130202, 1451993279),
(602, '9599398314', 28.3977622, 77.3130202, 1451993289),
(603, '9599398314', 28.3977622, 77.3130202, 1451993299),
(604, '9599398314', 28.3977622, 77.3130202, 1451993309),
(605, '9599398314', 28.3977622, 77.3130202, 1451993319),
(606, '9599398314', 28.3977622, 77.3130202, 1451993329),
(607, '9599398314', 28.3977622, 77.3130202, 1451993339),
(608, '9599398314', 28.3977622, 77.3130202, 1451993349),
(609, '9599398314', 28.3977622, 77.3130202, 1451993359),
(610, '9599398314', 28.3977622, 77.3130202, 1451993369),
(611, '9599398314', 28.3977622, 77.3130202, 1451993379),
(612, '9599398314', 28.3977622, 77.3130202, 1451994121),
(613, '9599398314', 28.3977622, 77.3130202, 1451994131),
(614, '9599398314', 28.4000373, 77.3138105, 1451994149),
(615, '9599398314', 28.4000373, 77.3138105, 1451994157),
(616, '9599398314', 28.4000373, 77.3138105, 1451994167),
(617, '9599398314', 28.4000373, 77.3138105, 1451994177),
(618, '9599398314', 28.4000373, 77.3138105, 1451994188),
(619, '9599398314', 28.4000373, 77.3138105, 1451994197),
(620, '9599398314', 28.4000373, 77.3138105, 1451994207),
(621, '9599398314', 28.4000373, 77.3138105, 1451994217),
(622, '9599398314', 28.4000373, 77.3138105, 1451994227),
(623, '9599398314', 28.4000373, 77.3138105, 1451994238),
(624, '9599398314', 28.4000373, 77.3138105, 1451994248),
(625, '9599398314', 28.4000373, 77.3138105, 1451994258),
(626, '9599398314', 28.4000373, 77.3138105, 1451994268),
(627, '9599398314', 28.4000373, 77.3138105, 1451994278),
(628, '9599398314', 28.4000373, 77.3138105, 1451994288),
(629, '9599398314', 28.4000373, 77.3138105, 1451994298),
(630, '9599398314', 28.4000373, 77.3138105, 1451994308),
(631, '9599398314', 28.4000373, 77.3138105, 1451994318),
(632, '9599398314', 28.4000373, 77.3138105, 1451994328),
(633, '9599398314', 28.4000373, 77.3138105, 1451994338),
(634, '9599398314', 28.4000373, 77.3138105, 1451994348),
(635, '9599398314', 28.4000373, 77.3138105, 1451994358),
(636, '9599398314', 28.4000373, 77.3138105, 1451994368),
(637, '9599398314', 28.4000373, 77.3138105, 1451994378),
(638, '9599398314', 28.4000373, 77.3138105, 1451994388),
(639, '9599398314', 28.4000373, 77.3138105, 1451994398),
(640, '9599398314', 28.4000373, 77.3138105, 1451994408),
(641, '9599398314', 28.4000373, 77.3138105, 1451994418),
(642, '9599398314', 28.4000373, 77.3138105, 1451994428),
(643, '9599398314', 28.4000373, 77.3138105, 1451994438),
(644, '9599398314', 28.4000373, 77.3138105, 1451994448),
(645, '9599398314', 28.4000373, 77.3138105, 1451994458),
(646, '9599398314', 28.4000373, 77.3138105, 1451994468),
(647, '9599398314', 28.4000373, 77.3138105, 1451994478),
(648, '9599398314', 28.4000373, 77.3138105, 1451994488),
(649, '9599398314', 28.4000373, 77.3138105, 1451994498),
(650, '9599398314', 28.4000373, 77.3138105, 1451994508),
(651, '9599398314', 28.4000373, 77.3138105, 1451994518),
(652, '9599398314', 28.4000373, 77.3138105, 1451994528),
(653, '9599398314', 28.4000373, 77.3138105, 1451994538),
(654, '9599398314', 28.4000373, 77.3138105, 1451994548),
(655, '9599398314', 28.4000373, 77.3138105, 1451994558),
(656, '9599398314', 28.4000373, 77.3138105, 1451994568),
(657, '9599398314', 28.4000373, 77.3138105, 1451994578),
(658, '9599398314', 28.4000373, 77.3138105, 1451994588),
(659, '9599398314', 28.4000373, 77.3138105, 1451994598),
(660, '9599398314', 28.4000373, 77.3138105, 1451994608),
(661, '9599398314', 28.4000373, 77.3138105, 1451994618),
(662, '9599398314', 28.4000373, 77.3138105, 1451994628),
(663, '9599398314', 28.4000373, 77.3138105, 1451994639),
(664, '9599398314', 28.4000373, 77.3138105, 1451994648),
(665, '9599398314', 28.4000373, 77.3138105, 1451994658),
(666, '9599398314', 28.4000373, 77.3138105, 1451994668),
(667, '9599398314', 28.4000373, 77.3138105, 1451994678),
(668, '9599398314', 28.3977124, 77.3130818, 1451995013),
(669, '9599398314', 28.3977125, 77.3130828, 1451995103),
(670, '9599398314', 28.3977125, 77.3130828, 1451995112),
(671, '9599398314', 28.3977125, 77.3130828, 1451995122),
(672, '9599398314', 28.3977125, 77.3130828, 1451995133),
(673, '9599398314', 28.3977125, 77.3130828, 1451995143),
(674, '9599398314', 28.3977125, 77.3130828, 1451995153),
(675, '9599398314', 28.3977125, 77.3130828, 1451995163),
(676, '9599398314', 28.3977125, 77.3130828, 1451995173),
(677, '9599398314', 28.3977125, 77.3130828, 1451995182),
(678, '9599398314', 28.3977125, 77.3130828, 1451995193),
(679, '9599398314', 28.3977125, 77.3130828, 1451995203),
(680, '9599398314', 28.3977125, 77.3130828, 1451995213),
(681, '9599398314', 28.3977125, 77.3130828, 1451995223),
(682, '9599398314', 28.3977125, 77.3130828, 1451995233),
(683, '9599398314', 28.3977125, 77.3130828, 1451995243),
(684, '9599398314', 28.3977125, 77.3130828, 1451995253),
(685, '9599398314', 28.3977125, 77.3130828, 1451995263),
(686, '9599398314', 28.3977125, 77.3130828, 1451995273),
(687, '9599398314', 28.3977125, 77.3130828, 1451995283),
(688, '9599398314', 28.3977125, 77.3130828, 1451995293),
(689, '9599398314', 28.3977125, 77.3130828, 1451995304),
(690, '9599398314', 28.3977125, 77.3130828, 1451995313),
(691, '9599398314', 28.3977125, 77.3130828, 1451995323),
(692, '9599398314', 28.3977125, 77.3130828, 1451995333),
(693, '9599398314', 28.3977125, 77.3130828, 1451995343),
(694, '9599398314', 28.3977125, 77.3130828, 1451995353),
(695, '9599398314', 28.3977125, 77.3130828, 1451995363),
(696, '9599398314', 28.3977125, 77.3130828, 1451995373),
(697, '9599398314', 28.3977125, 77.3130828, 1451995384),
(698, '9599398314', 28.3977125, 77.3130828, 1451995393),
(699, '9599398314', 28.3977125, 77.3130828, 1451995403),
(700, '9599398314', 28.3977125, 77.3130828, 1451995414),
(701, '9599398314', 28.3977125, 77.3130828, 1451995426),
(702, '9599398314', 28.3977125, 77.3130828, 1451995427),
(703, '9599398314', 28.3977125, 77.3130828, 1451995434),
(704, '9599398314', 28.3977125, 77.3130828, 1451995443),
(705, '9599398314', 28.3977125, 77.3130828, 1451995453),
(706, '9599398314', 28.3977125, 77.3130828, 1451995463),
(707, '9599398314', 28.3977125, 77.3130828, 1451995473),
(708, '9599398314', 28.3977125, 77.3130828, 1451995483),
(709, '9599398314', 28.3977125, 77.3130828, 1451995497),
(710, '9599398314', 28.3977125, 77.3130828, 1451995500),
(711, '9599398314', 28.3977125, 77.3130828, 1451995504),
(712, '9599398314', 28.3977125, 77.3130828, 1451995513),
(713, '9599398314', 28.3977125, 77.3130828, 1451995523),
(714, '9599398314', 28.3977125, 77.3130828, 1451995533),
(715, '9599398314', 28.3977125, 77.3130828, 1451995543),
(716, '9599398314', 28.3977125, 77.3130828, 1451995553),
(717, '9599398314', 28.3977125, 77.3130828, 1451995563),
(718, '9599398314', 28.3977356, 77.3129865, 1451995580),
(719, '9599398314', 28.3976966, 77.3129639, 1451995688),
(720, '9599398314', 28.3976827, 77.3130152, 1451995787),
(721, '9599398314', 28.3977541, 77.3130092, 1451995886),
(722, '9599398314', 28.3977571, 77.3129449, 1451996295),
(723, '9599398314', 28.3977398, 77.3129596, 1451996862),
(724, '9599398314', 28.3977398, 77.3129596, 1451996870),
(725, '9599398314', 28.3977398, 77.3129596, 1451996880),
(726, '9599398314', 28.3977398, 77.3129596, 1451996890),
(727, '9599398314', 28.3977398, 77.3129596, 1451996900),
(728, '9599398314', 28.3977398, 77.3129596, 1451996910),
(729, '9599398314', 28.3977398, 77.3129596, 1451996920),
(730, '9599398314', 28.3977398, 77.3129596, 1451996930),
(731, '9599398314', 28.3977398, 77.3129596, 1451996940),
(732, '9599398314', 28.3977398, 77.3129596, 1451996950),
(733, '9599398314', 28.3977398, 77.3129596, 1451996960),
(734, '9599398314', 28.3977398, 77.3129596, 1451996970),
(735, '9599398314', 28.3977398, 77.3129596, 1451996980),
(736, '9599398314', 28.3977398, 77.3129596, 1451996990),
(737, '9599398314', 28.3977398, 77.3129596, 1451997000),
(738, '9599398314', 28.3977398, 77.3129596, 1451997010),
(739, '9599398314', 28.3977398, 77.3129596, 1451997020),
(740, '9599398314', 28.3977398, 77.3129596, 1451997030),
(741, '9599398314', 28.3977398, 77.3129596, 1451997040),
(742, '9599398314', 28.3977398, 77.3129596, 1451997050),
(743, '9599398314', 28.3977398, 77.3129596, 1451997060),
(744, '9599398314', 28.3977398, 77.3129596, 1451997070),
(745, '9599398314', 28.3977398, 77.3129596, 1451997080),
(746, '9599398314', 28.3977398, 77.3129596, 1451997090),
(747, '9599398314', 28.3977398, 77.3129596, 1451997100),
(748, '9599398314', 28.3977398, 77.3129596, 1451997110),
(749, '9599398314', 28.3977398, 77.3129596, 1451997120),
(750, '9599398314', 28.3977398, 77.3129596, 1451997130),
(751, '9599398314', 28.3977398, 77.3129596, 1451997140),
(752, '9599398314', 28.3977398, 77.3129596, 1451997150),
(753, '9599398314', 28.3977398, 77.3129596, 1451997160),
(754, '9599398314', 28.3977398, 77.3129596, 1451997170),
(755, '9599398314', 28.3977398, 77.3129596, 1451997180),
(756, '9599398314', 28.3977398, 77.3129596, 1451997190),
(757, '9599398314', 28.3977398, 77.3129596, 1451997200),
(758, '9599398314', 28.3977398, 77.3129596, 1451997210),
(759, '9599398314', 28.3977398, 77.3129596, 1451997220),
(760, '9599398314', 28.3977398, 77.3129596, 1451997230),
(761, '9599398314', 28.3977398, 77.3129596, 1451997240),
(762, '9599398314', 28.3977398, 77.3129596, 1451997250),
(763, '9599398314', 28.3977398, 77.3129596, 1451997260),
(764, '9599398314', 28.3977398, 77.3129596, 1451997270),
(765, '9599398314', 28.3977398, 77.3129596, 1451997280),
(766, '9599398314', 28.3977398, 77.3129596, 1451997290),
(767, '9599398314', 28.3977398, 77.3129596, 1451997300),
(768, '9599398314', 28.3977398, 77.3129596, 1451997310),
(769, '9599398314', 28.3977398, 77.3129596, 1451997321),
(770, '9599398314', 28.3977398, 77.3129596, 1451997330),
(771, '9599398314', 28.3977398, 77.3129596, 1451997340),
(772, '9599398314', 28.3977398, 77.3129596, 1451997350),
(773, '9599398314', 28.3977398, 77.3129596, 1451997360),
(774, '9599398314', 28.3977398, 77.3129596, 1451997371),
(775, '9599398314', 28.3977398, 77.3129596, 1451997381),
(776, '9599398314', 28.3977398, 77.3129596, 1451997391),
(777, '9599398314', 28.3977398, 77.3129596, 1451997401),
(778, '9599398314', 28.3977398, 77.3129596, 1451997411),
(779, '9599398314', 28.3977398, 77.3129596, 1451997421),
(780, '9599398314', 28.3977398, 77.3129596, 1451997431),
(781, '9599398314', 28.3977398, 77.3129596, 1451997441),
(782, '9599398314', 28.3977398, 77.3129596, 1451997451),
(783, '9599398314', 28.3977398, 77.3129596, 1451997461),
(784, '9599398314', 28.3977398, 77.3129596, 1451997471),
(785, '9599398314', 28.3977398, 77.3129596, 1451997481),
(786, '9599398314', 28.3977398, 77.3129596, 1451997492),
(787, '9599398314', 28.3977398, 77.3129596, 1451997501),
(788, '9599398314', 28.3977398, 77.3129596, 1451997511),
(789, '9599398314', 28.3977398, 77.3129596, 1451997892),
(790, '9599398314', 28.3977398, 77.3129596, 1451997901),
(791, '9599398314', 28.3977125, 77.3130828, 1451997911),
(792, '9599398314', 28.3977125, 77.3130828, 1451997950),
(793, '9599398314', 28.3977125, 77.3130828, 1451997959),
(794, '9599398314', 28.3977125, 77.3130828, 1451997970),
(795, '9599398314', 28.3977125, 77.3130828, 1451997980),
(796, '9599398314', 28.3977125, 77.3130828, 1451997990),
(797, '9599398314', 28.3977125, 77.3130828, 1451998000),
(798, '9599398314', 28.3977125, 77.3130828, 1451998010),
(799, '9599398314', 28.3977125, 77.3130828, 1451998020),
(800, '9599398314', 28.3977125, 77.3130828, 1451998030),
(801, '9599398314', 28.3977125, 77.3130828, 1451998040),
(802, '9599398314', 28.3977125, 77.3130828, 1451998050),
(803, '9599398314', 28.3977125, 77.3130828, 1451998060),
(804, '9599398314', 28.3977125, 77.3130828, 1451998070),
(805, '9599398314', 28.3977125, 77.3130828, 1451998080),
(806, '9599398314', 28.3977125, 77.3130828, 1451998090),
(807, '9599398314', 28.3977125, 77.3130828, 1451998100),
(808, '9599398314', 28.3977125, 77.3130828, 1451998110),
(809, '9599398314', 28.3977125, 77.3130828, 1451998120),
(810, '9599398314', 28.3977125, 77.3130828, 1451998130),
(811, '9599398314', 28.3977125, 77.3130828, 1451998140),
(812, '9599398314', 28.3977125, 77.3130828, 1451998150),
(813, '9599398314', 28.3977125, 77.3130828, 1451998160),
(814, '9599398314', 28.3977125, 77.3130828, 1451998170),
(815, '9599398314', 28.3977125, 77.3130828, 1451998180),
(816, '9599398314', 28.3977125, 77.3130828, 1451998190),
(817, '9599398314', 28.3977125, 77.3130828, 1451998200),
(818, '9599398314', 28.3977125, 77.3130828, 1451998210),
(819, '9599398314', 28.3977125, 77.3130828, 1451998220),
(820, '9599398314', 28.3977125, 77.3130828, 1451998230),
(821, '9599398314', 28.3977125, 77.3130828, 1451998240),
(822, '9599398314', 28.3977125, 77.3130828, 1451998250),
(823, '9599398314', 28.3977125, 77.3130828, 1451998260),
(824, '9599398314', 28.3977125, 77.3130828, 1451998270),
(825, '9599398314', 28.3977125, 77.3130828, 1451998280),
(826, '9599398314', 28.3977125, 77.3130828, 1451998290),
(827, '9599398314', 28.3977125, 77.3130828, 1451998300),
(828, '9599398314', 28.3977125, 77.3130828, 1451998310),
(829, '9599398314', 28.3977125, 77.3130828, 1451998320),
(830, '9599398314', 28.3977125, 77.3130828, 1451998330),
(831, '9599398314', 28.3977125, 77.3130828, 1451998340),
(832, '9599398314', 28.3977125, 77.3130828, 1451998350),
(833, '9599398314', 28.3977125, 77.3130828, 1451998360),
(834, '9599398314', 28.3977125, 77.3130828, 1451998370),
(835, '9599398314', 28.3977125, 77.3130828, 1451998661),
(836, '9599398314', 28.3977125, 77.3130828, 1451998670),
(837, '9599398314', 28.3977125, 77.3130828, 1451998680),
(838, '9599398314', 28.3977125, 77.3130828, 1451998690),
(839, '9599398314', 28.3977125, 77.3130828, 1451998700),
(840, '9599398314', 28.3977125, 77.3130828, 1451998710),
(841, '9599398314', 28.3977125, 77.3130828, 1451998720),
(842, '9599398314', 28.3977125, 77.3130828, 1451998730),
(843, '9599398314', 28.3977125, 77.3130828, 1451998740),
(844, '9599398314', 28.3977125, 77.3130828, 1451998750),
(845, '9599398314', 28.3977125, 77.3130828, 1451998761),
(846, '9599398314', 28.3977125, 77.3130828, 1451998770),
(847, '9599398314', 28.3977125, 77.3130828, 1451998780),
(848, '9599398314', 28.3977125, 77.3130828, 1451998791),
(849, '9599398314', 28.3977125, 77.3130828, 1451998800),
(850, '9599398314', 28.3977125, 77.3130828, 1451998810),
(851, '9599398314', 28.3977125, 77.3130828, 1451998820),
(852, '9599398314', 28.3977125, 77.3130828, 1451998831),
(853, '9599398314', 28.3977125, 77.3130828, 1451998840),
(854, '9599398314', 28.3977125, 77.3130828, 1451998851),
(855, '9599398314', 28.3977125, 77.3130828, 1451998861),
(856, '9599398314', 28.3977125, 77.3130828, 1451998871),
(857, '9599398314', 28.3977125, 77.3130828, 1451998881),
(858, '9599398314', 28.3977125, 77.3130828, 1451998891),
(859, '9599398314', 28.3977125, 77.3130828, 1451998901),
(860, '9599398314', 28.3977125, 77.3130828, 1451998911),
(861, '9599398314', 28.3977125, 77.3130828, 1451998921),
(862, '9599398314', 28.3977125, 77.3130828, 1451998931),
(863, '9599398314', 28.3977125, 77.3130828, 1451998941),
(864, '9599398314', 28.3977125, 77.3130828, 1451998951),
(865, '9599398314', 28.3977125, 77.3130828, 1451998961),
(866, '9599398314', 28.3977125, 77.3130828, 1451998971),
(867, '9599398314', 28.39775, 77.313025, 1451998979),
(868, '9599398314', 28.3976965, 77.313058, 1452000608),
(869, '9599398314', 28.3337598, 77.3274773, 1452005097),
(870, '9599398314', 28.3337599, 77.3274774, 1452031682),
(871, '9599398314', 28.3356135, 77.3273734, 1452053708),
(872, '9599398314', 0, 0, 1452056991),
(873, '8888888888', 28.3956858096644, 77.3140419367701, 1452058659),
(874, '8888888888', 28.3956858096644, 77.3140419367701, 1452058669),
(875, '8888888888', 0, 0, 1452058677),
(876, '8888888888', 28.397581, 77.3128883, 1452058773),
(877, '8888888888', 28.3976101, 77.3129411, 1452058815),
(878, '9599398314', 28.3977745, 77.3129194, 1452059184),
(879, '9599398314', 28.3977124, 77.3130818, 1452059218),
(880, '9599398314', 28.39776, 77.3129244, 1452059435),
(881, '9599398314', 28.39776, 77.3129244, 1452059559),
(882, '9599398314', 28.39776, 77.3129244, 1452059569),
(883, '9599398314', 28.39776, 77.3129244, 1452059579),
(884, '9599398314', 28.39776, 77.3129244, 1452059589),
(885, '9599398314', 28.39776, 77.3129244, 1452059599),
(886, '9599398314', 28.39776, 77.3129244, 1452059609),
(887, '9599398314', 28.39776, 77.3129244, 1452059619),
(888, '9599398314', 28.39776, 77.3129244, 1452059629),
(889, '9599398314', 28.39776, 77.3129244, 1452059639),
(890, '9599398314', 28.39776, 77.3129244, 1452059649),
(891, '9599398314', 28.39776, 77.3129244, 1452059659),
(892, '9599398314', 28.39776, 77.3129244, 1452059670),
(893, '9599398314', 28.39776, 77.3129244, 1452059680),
(894, '9599398314', 28.39776, 77.3129244, 1452059690),
(895, '9599398314', 28.39776, 77.3129244, 1452059700),
(896, '9599398314', 28.39776, 77.3129244, 1452059710),
(897, '9599398314', 28.39776, 77.3129244, 1452059720),
(898, '9599398314', 28.39776, 77.3129244, 1452059730),
(899, '9599398314', 28.39776, 77.3129244, 1452059740),
(900, '9599398314', 28.39776, 77.3129244, 1452059750),
(901, '9599398314', 28.39776, 77.3129244, 1452059760),
(902, '9599398314', 28.39776, 77.3129244, 1452059770),
(903, '9599398314', 28.39776, 77.3129244, 1452059780),
(904, '9599398314', 28.39776, 77.3129244, 1452059790),
(905, '9599398314', 28.39776, 77.3129244, 1452059800),
(906, '9599398314', 28.39776, 77.3129244, 1452059810),
(907, '9599398314', 28.39776, 77.3129244, 1452059820);
INSERT INTO `tbl_mobile_location` (`identifier`, `mobilenumber`, `latitude`, `longitude`, `createdon`) VALUES
(908, '9599398314', 28.39776, 77.3129244, 1452059830),
(909, '9599398314', 28.39776, 77.3129244, 1452059840),
(910, '9599398314', 28.39776, 77.3129244, 1452059850),
(911, '9599398314', 28.39776, 77.3129244, 1452059860),
(912, '9599398314', 28.39776, 77.3129244, 1452059870),
(913, '9599398314', 28.39776, 77.3129244, 1452059880),
(914, '9599398314', 28.39776, 77.3129244, 1452059890),
(915, '9599398314', 28.39776, 77.3129244, 1452059900),
(916, '9599398314', 28.39776, 77.3129244, 1452059910),
(917, '9599398314', 28.39776, 77.3129244, 1452059920),
(918, '9599398314', 28.39776, 77.3129244, 1452059930),
(919, '9599398314', 28.39776, 77.3129244, 1452059940),
(920, '9599398314', 28.39776, 77.3129244, 1452059950),
(921, '9599398314', 28.39776, 77.3129244, 1452059960),
(922, '9599398314', 28.39776, 77.3129244, 1452059970),
(923, '9599398314', 28.39776, 77.3129244, 1452059980),
(924, '9599398314', 28.39776, 77.3129244, 1452059990),
(925, '9599398314', 28.39776, 77.3129244, 1452060000),
(926, '9599398314', 28.39776, 77.3129244, 1452060011),
(927, '9599398314', 28.39776, 77.3129244, 1452060020),
(928, '9599398314', 28.39776, 77.3129244, 1452060030),
(929, '9599398314', 28.39776, 77.3129244, 1452060040),
(930, '9599398314', 28.39776, 77.3129244, 1452060050),
(931, '9599398314', 28.39776, 77.3129244, 1452060060),
(932, '9599398314', 28.39776, 77.3129244, 1452060070),
(933, '9599398314', 28.39776, 77.3129244, 1452060080),
(934, '9599398314', 28.39776, 77.3129244, 1452060090),
(935, '9599398314', 28.39776, 77.3129244, 1452060100),
(936, '9599398314', 28.39776, 77.3129244, 1452060110),
(937, '9599398314', 28.39776, 77.3129244, 1452060120),
(938, '9599398314', 28.39776, 77.3129244, 1452060130),
(939, '9599398314', 28.39776, 77.3129244, 1452060140),
(940, '9599398314', 28.39776, 77.3129244, 1452060150),
(941, '9599398314', 28.39776, 77.3129244, 1452060160),
(942, '9599398314', 28.39776, 77.3129244, 1452060662),
(943, '9599398314', 28.39776, 77.3129244, 1452060706),
(944, '9599398314', 28.39776, 77.3129244, 1452060750),
(945, '9599398314', 28.39776, 77.3129244, 1452060886),
(946, '9599398314', 28.39776, 77.3129244, 1452064985),
(947, '9599398314', 28.39776, 77.3129244, 1452064986),
(948, '9599398314', 28.39776, 77.3129244, 1452064998),
(949, '9599398314', 28.39776, 77.3129244, 1452064998),
(950, '9599398314', 28.39776, 77.3129244, 1452065005),
(951, '9599398314', 28.39776, 77.3129244, 1452065014),
(952, '9599398314', 28.39776, 77.3129244, 1452065022),
(953, '9599398314', 28.3977551, 77.3130485, 1452065036),
(954, '9599398314', 0, 0, 1452067585),
(955, '9599398314', 28.3956858096644, 77.3140419367701, 1452068471),
(956, '9599398314', 28.3956858096644, 77.3140419367701, 1452068480),
(957, '8888888888', 28.3977369, 77.3130441, 1452069273),
(958, '8888888888', 28.3977867, 77.3129818, 1452071088),
(959, '8888888888', 28.3977534, 77.3128851, 1452074285),
(960, '8888888888', 28.3974976, 77.3128088, 1452076692),
(961, '8888888888', 28.39775, 77.3130354, 1452082001),
(962, '8888888888', 28.397555, 77.3128922, 1452083237),
(963, '8888888888', 28.397555, 77.3128922, 1452083249),
(964, '8888888888', 28.397555, 77.3128922, 1452083297),
(965, '8888888888', 28.397555, 77.3128922, 1452083418),
(966, '8888888888', 28.397555, 77.3128922, 1452083621),
(967, '8888888888', 28.397555, 77.3128922, 1452083678),
(968, '8888888888', 28.397555, 77.3128922, 1452083856),
(969, '8888888888', 28.397555, 77.3128922, 1452083871),
(970, '8888888888', 28.397555, 77.3128922, 1452085470),
(971, '8888888888', 28.397555, 77.3128922, 1452085479),
(972, '9599398314', 0, 0, 1452143085),
(973, '9599398314', 28.4009295, 77.3144049, 1452143187),
(974, '9599398314', 28.3976966, 77.313037, 1452144637),
(975, '9599398314', 28.3976966, 77.313037, 1452144787),
(976, '9599398314', 28.3976966, 77.313037, 1452144797),
(977, '9599398314', 28.3976966, 77.313037, 1452144807),
(978, '9599398314', 28.3976966, 77.313037, 1452144817),
(979, '9599398314', 28.3976966, 77.313037, 1452144827),
(980, '9599398314', 28.3976966, 77.313037, 1452144837),
(981, '9599398314', 28.3976966, 77.313037, 1452144848),
(982, '9599398314', 28.3976966, 77.313037, 1452144857),
(983, '9599398314', 28.3976966, 77.313037, 1452144867),
(984, '9599398314', 28.3976966, 77.313037, 1452144877),
(985, '9599398314', 28.3976966, 77.313037, 1452144888),
(986, '9599398314', 28.3976966, 77.313037, 1452144898),
(987, '9599398314', 28.3976966, 77.313037, 1452144909),
(988, '9599398314', 28.3976966, 77.313037, 1452144918),
(989, '9599398314', 28.3976966, 77.313037, 1452144928),
(990, '9599398314', 28.3976966, 77.313037, 1452144938),
(991, '9599398314', 28.3976966, 77.313037, 1452144948),
(992, '9599398314', 28.3976966, 77.313037, 1452144958),
(993, '9599398314', 28.3976966, 77.313037, 1452144968),
(994, '9599398314', 28.3976966, 77.313037, 1452144978),
(995, '9599398314', 28.3976966, 77.313037, 1452144988),
(996, '9599398314', 28.3976966, 77.313037, 1452144998),
(997, '9599398314', 28.3976966, 77.313037, 1452145008),
(998, '9599398314', 28.3976966, 77.313037, 1452145018),
(999, '9599398314', 28.3976966, 77.313037, 1452145028),
(1000, '9599398314', 28.3976966, 77.313037, 1452145038),
(1001, '9599398314', 28.3976966, 77.313037, 1452145048),
(1002, '9599398314', 28.3976966, 77.313037, 1452145058),
(1003, '9599398314', 28.3976966, 77.313037, 1452145068),
(1004, '9599398314', 28.3976966, 77.313037, 1452145078),
(1005, '9599398314', 28.3976966, 77.313037, 1452145089),
(1006, '9599398314', 28.3976966, 77.313037, 1452145098),
(1007, '9599398314', 28.3976966, 77.313037, 1452145108),
(1008, '9599398314', 28.3976966, 77.313037, 1452145118),
(1009, '9599398314', 28.3976966, 77.313037, 1452145129),
(1010, '9599398314', 28.3976966, 77.313037, 1452145139),
(1011, '9599398314', 28.3976966, 77.313037, 1452145149),
(1012, '9599398314', 28.3976966, 77.313037, 1452145159),
(1013, '9599398314', 28.3976966, 77.313037, 1452145169),
(1014, '9599398314', 28.3976966, 77.313037, 1452145179),
(1015, '9599398314', 28.3976966, 77.313037, 1452145189),
(1016, '9599398314', 28.3976966, 77.313037, 1452145199),
(1017, '9599398314', 28.3976966, 77.313037, 1452145209),
(1018, '9599398314', 28.3976966, 77.313037, 1452145219),
(1019, '9599398314', 28.3976966, 77.313037, 1452145229),
(1020, '9599398314', 28.3976966, 77.313037, 1452145239),
(1021, '9599398314', 28.3976966, 77.313037, 1452145249),
(1022, '9599398314', 28.3976966, 77.313037, 1452145259),
(1023, '9599398314', 28.3976966, 77.313037, 1452145269),
(1024, '9599398314', 28.3976966, 77.313037, 1452145279),
(1025, '9599398314', 28.3976966, 77.313037, 1452145289),
(1026, '9599398314', 28.3976966, 77.313037, 1452145299),
(1027, '9599398314', 28.3976966, 77.313037, 1452145309),
(1028, '9599398314', 28.3976966, 77.313037, 1452145320),
(1029, '9599398314', 28.3976966, 77.313037, 1452145329),
(1030, '9599398314', 28.3976966, 77.313037, 1452145340),
(1031, '9599398314', 28.3976966, 77.313037, 1452145350),
(1032, '9599398314', 28.3976966, 77.313037, 1452145360),
(1033, '9599398314', 28.3976966, 77.313037, 1452145370),
(1034, '9599398314', 28.3976966, 77.313037, 1452145380),
(1035, '9599398314', 28.3976966, 77.313037, 1452145390),
(1036, '9599398314', 28.3976966, 77.313037, 1452145824),
(1037, '9599398314', 28.3976966, 77.313037, 1452145832),
(1038, '9599398314', 28.3976966, 77.313037, 1452145843),
(1039, '9599398314', 28.3976966, 77.313037, 1452145854),
(1040, '9599398314', 28.3976966, 77.313037, 1452145863),
(1041, '9599398314', 28.3976966, 77.313037, 1452145873),
(1042, '9599398314', 28.3976966, 77.313037, 1452145883),
(1043, '9599398314', 28.3976966, 77.313037, 1452145893),
(1044, '9599398314', 28.3976966, 77.313037, 1452145903),
(1045, '9599398314', 28.3976966, 77.313037, 1452145913),
(1046, '9599398314', 28.3976966, 77.313037, 1452145923),
(1047, '9599398314', 28.3976966, 77.313037, 1452145933),
(1048, '9599398314', 28.3976966, 77.313037, 1452145943),
(1049, '9599398314', 28.3976966, 77.313037, 1452145953),
(1050, '9599398314', 28.3976966, 77.313037, 1452145963),
(1051, '9599398314', 28.3976966, 77.313037, 1452145973),
(1052, '9599398314', 28.3976966, 77.313037, 1452145983),
(1053, '9599398314', 28.3976966, 77.313037, 1452145993),
(1054, '9599398314', 28.3976966, 77.313037, 1452146003),
(1055, '9599398314', 28.3976966, 77.313037, 1452146013),
(1056, '9599398314', 28.3976966, 77.313037, 1452146023),
(1057, '9599398314', 28.3976966, 77.313037, 1452146033),
(1058, '9599398314', 28.3976966, 77.313037, 1452146043),
(1059, '9599398314', 28.3976966, 77.313037, 1452146054),
(1060, '9599398314', 28.3976966, 77.313037, 1452146064),
(1061, '9599398314', 28.3976966, 77.313037, 1452146074),
(1062, '9599398314', 28.3976966, 77.313037, 1452146084),
(1063, '9599398314', 28.3976966, 77.313037, 1452146094),
(1064, '9599398314', 28.3976966, 77.313037, 1452146104),
(1065, '9599398314', 28.3976966, 77.313037, 1452146114),
(1066, '9599398314', 28.3976966, 77.313037, 1452146124),
(1067, '9599398314', 28.3976966, 77.313037, 1452146134),
(1068, '9599398314', 28.3976966, 77.313037, 1452146144),
(1069, '9599398314', 28.3976966, 77.313037, 1452146154),
(1070, '9599398314', 28.3977123, 77.3130816, 1452147079),
(1071, '9599398314', 28.3977121, 77.3130815, 1452147099),
(1072, '9599398314', 28.3976253, 77.3129713, 1452147676),
(1073, '9599398314', 28.3976253, 77.3129713, 1452147685),
(1074, '9599398314', 28.3976253, 77.3129713, 1452147695),
(1075, '9599398314', 28.3976253, 77.3129713, 1452147705),
(1076, '9599398314', 28.3976253, 77.3129713, 1452147715),
(1077, '9599398314', 28.3976253, 77.3129713, 1452147725),
(1078, '9599398314', 28.3976253, 77.3129713, 1452147736),
(1079, '9599398314', 28.3976253, 77.3129713, 1452147746),
(1080, '9599398314', 28.3976253, 77.3129713, 1452147756),
(1081, '9599398314', 28.3976253, 77.3129713, 1452147766),
(1082, '9599398314', 28.3976253, 77.3129713, 1452147776),
(1083, '9599398314', 28.3976253, 77.3129713, 1452147786),
(1084, '9599398314', 28.3976253, 77.3129713, 1452147796),
(1085, '9599398314', 28.3976253, 77.3129713, 1452147806),
(1086, '9599398314', 28.3976253, 77.3129713, 1452147816),
(1087, '9599398314', 28.3976253, 77.3129713, 1452147826),
(1088, '9599398314', 28.3976253, 77.3129713, 1452147836),
(1089, '9599398314', 28.3976253, 77.3129713, 1452147846),
(1090, '9599398314', 28.3976253, 77.3129713, 1452147856),
(1091, '9599398314', 28.3976253, 77.3129713, 1452147866),
(1092, '9599398314', 28.3976253, 77.3129713, 1452147876),
(1093, '9599398314', 28.3976253, 77.3129713, 1452147886),
(1094, '9599398314', 28.3976253, 77.3129713, 1452147896),
(1095, '9599398314', 28.3976253, 77.3129713, 1452147906),
(1096, '9599398314', 28.3976253, 77.3129713, 1452147916),
(1097, '9599398314', 28.3976253, 77.3129713, 1452147926),
(1098, '9599398314', 28.3976253, 77.3129713, 1452147936),
(1099, '9599398314', 28.3976253, 77.3129713, 1452147946),
(1100, '9599398314', 28.3976253, 77.3129713, 1452147956),
(1101, '9599398314', 28.3976253, 77.3129713, 1452147966),
(1102, '9599398314', 28.3976253, 77.3129713, 1452147976),
(1103, '9599398314', 28.3976253, 77.3129713, 1452147986),
(1104, '9599398314', 28.3976253, 77.3129713, 1452147996),
(1105, '9599398314', 28.3976253, 77.3129713, 1452148006),
(1106, '9599398314', 28.3976253, 77.3129713, 1452148016),
(1107, '9599398314', 28.3976253, 77.3129713, 1452148027),
(1108, '9599398314', 28.3976253, 77.3129713, 1452148036),
(1109, '9599398314', 28.3977122, 77.3130818, 1452148064),
(1110, '9599398314', 28.3977122, 77.3130818, 1452148074),
(1111, '9599398314', 28.3977122, 77.3130818, 1452148084),
(1112, '9599398314', 28.3977122, 77.3130818, 1452148094),
(1113, '9599398314', 28.3977122, 77.3130818, 1452148105),
(1114, '9599398314', 28.3977122, 77.3130818, 1452148115),
(1115, '9599398314', 28.3977122, 77.3130818, 1452148124),
(1116, '9599398314', 28.3977122, 77.3130818, 1452148134),
(1117, '9599398314', 28.3977122, 77.3130818, 1452148144),
(1118, '9599398314', 28.3977122, 77.3130818, 1452148154),
(1119, '9599398314', 28.3977122, 77.3130818, 1452148164),
(1120, '9599398314', 28.3977122, 77.3130818, 1452148174),
(1121, '9599398314', 28.3977122, 77.3130818, 1452148185),
(1122, '9599398314', 28.3977122, 77.3130818, 1452148194),
(1123, '9599398314', 28.3977122, 77.3130818, 1452148205),
(1124, '9599398314', 28.3977122, 77.3130818, 1452148215),
(1125, '9599398314', 28.3977122, 77.3130818, 1452148225),
(1126, '9599398314', 28.3977122, 77.3130818, 1452148235),
(1127, '9599398314', 28.3977122, 77.3130818, 1452148245),
(1128, '9599398314', 28.3977122, 77.3130818, 1452148255),
(1129, '9599398314', 28.3977122, 77.3130818, 1452148265),
(1130, '9599398314', 28.3977122, 77.3130818, 1452148275),
(1131, '9599398314', 28.3977122, 77.3130818, 1452148285),
(1132, '9599398314', 28.3977122, 77.3130818, 1452148295),
(1133, '9599398314', 28.3977122, 77.3130818, 1452148306),
(1134, '9599398314', 28.3977122, 77.3130818, 1452148315),
(1135, '9599398314', 28.3977122, 77.3130818, 1452148325),
(1136, '9599398314', 28.3977122, 77.3130818, 1452148335),
(1137, '9599398314', 28.3977122, 77.3130818, 1452148345),
(1138, '9599398314', 28.3977122, 77.3130818, 1452148355),
(1139, '9599398314', 28.3977122, 77.3130818, 1452148366),
(1140, '9599398314', 28.3977122, 77.3130818, 1452148377),
(1141, '9599398314', 28.3977122, 77.3130818, 1452148386),
(1142, '9599398314', 28.3977122, 77.3130818, 1452148396),
(1143, '9599398314', 28.3977122, 77.3130818, 1452148406),
(1144, '9599398314', 28.3977122, 77.3130818, 1452148416),
(1145, '9599398314', 28.3977122, 77.3130818, 1452148426),
(1146, '9599398314', 28.3977125, 77.3130828, 1452148442),
(1147, '9599398314', 28.3977125, 77.3130828, 1452148450),
(1148, '9599398314', 28.3977123, 77.3130817, 1452148472),
(1149, '9599398314', 28.3977124, 77.3130818, 1452148530),
(1150, '9599398314', 28.3977124, 77.3130818, 1452148542),
(1151, '9599398314', 28.3977124, 77.3130818, 1452148552),
(1152, '9599398314', 28.3977124, 77.3130818, 1452148562),
(1153, '9599398314', 28.3977124, 77.3130818, 1452148572),
(1154, '9599398314', 28.3977124, 77.3130818, 1452148582),
(1155, '9599398314', 28.3977124, 77.3130818, 1452148592),
(1156, '9599398314', 28.3977124, 77.3130818, 1452148602),
(1157, '9599398314', 28.3977124, 77.3130818, 1452148612),
(1158, '9599398314', 28.3977124, 77.3130818, 1452148622),
(1159, '9599398314', 28.3977124, 77.3130818, 1452148632),
(1160, '9599398314', 28.3977124, 77.3130818, 1452148642),
(1161, '9599398314', 28.3977124, 77.3130818, 1452148652),
(1162, '9599398314', 28.3977124, 77.3130818, 1452148662),
(1163, '9599398314', 28.3977124, 77.3130818, 1452148672),
(1164, '9599398314', 28.3977124, 77.3130818, 1452148682),
(1165, '9599398314', 28.3977124, 77.3130818, 1452148692),
(1166, '9599398314', 28.3977124, 77.3130818, 1452148702),
(1167, '9599398314', 28.3977124, 77.3130818, 1452148712),
(1168, '9599398314', 28.3977124, 77.3130818, 1452148722),
(1169, '9599398314', 28.3977124, 77.3130818, 1452148732),
(1170, '9599398314', 28.3977124, 77.3130818, 1452148742),
(1171, '9599398314', 28.3977124, 77.3130818, 1452148752),
(1172, '9599398314', 28.3977124, 77.3130818, 1452148762),
(1173, '9599398314', 28.3977124, 77.3130818, 1452148772),
(1174, '9599398314', 28.3977124, 77.3130818, 1452148782),
(1175, '9599398314', 28.3977124, 77.3130818, 1452148794),
(1176, '9599398314', 28.3977124, 77.3130818, 1452148803),
(1177, '9599398314', 28.3977124, 77.3130818, 1452148812),
(1178, '9599398314', 28.3977124, 77.3130818, 1452148822),
(1179, '9599398314', 28.3977124, 77.3130818, 1452148832),
(1180, '9599398314', 28.3977124, 77.3130818, 1452148842),
(1181, '9599398314', 28.3976474, 77.3129671, 1452148855),
(1182, '9599398314', 28.3976177, 77.3129383, 1452148907),
(1183, '9599398314', 28.3976762, 77.3129538, 1452148912),
(1184, '9599398314', 28.3976762, 77.3129538, 1452148920),
(1185, '9599398314', 28.3976762, 77.3129538, 1452148931),
(1186, '9599398314', 28.3976762, 77.3129538, 1452148941),
(1187, '9599398314', 28.3976762, 77.3129538, 1452148951),
(1188, '9599398314', 28.3976762, 77.3129538, 1452148961),
(1189, '9599398314', 28.3976762, 77.3129538, 1452148971),
(1190, '9599398314', 28.3976762, 77.3129538, 1452148981),
(1191, '9599398314', 28.3976762, 77.3129538, 1452148991),
(1192, '9599398314', 28.3976762, 77.3129538, 1452149001),
(1193, '9599398314', 28.3976762, 77.3129538, 1452149011),
(1194, '9599398314', 28.3976762, 77.3129538, 1452149021),
(1195, '9599398314', 28.3976762, 77.3129538, 1452149031),
(1196, '9599398314', 28.3976762, 77.3129538, 1452149041),
(1197, '9599398314', 28.3976762, 77.3129538, 1452149051),
(1198, '9599398314', 28.3976762, 77.3129538, 1452149061),
(1199, '9599398314', 28.3976762, 77.3129538, 1452149071),
(1200, '9599398314', 28.3976762, 77.3129538, 1452149081),
(1201, '9599398314', 28.3976762, 77.3129538, 1452149091),
(1202, '9599398314', 28.3976762, 77.3129538, 1452149101),
(1203, '9599398314', 28.3976762, 77.3129538, 1452149111),
(1204, '9599398314', 28.3976762, 77.3129538, 1452149122),
(1205, '9599398314', 28.3976762, 77.3129538, 1452149131),
(1206, '9599398314', 28.3976762, 77.3129538, 1452149143),
(1207, '9599398314', 28.3976762, 77.3129538, 1452149151),
(1208, '9599398314', 28.3976762, 77.3129538, 1452149161),
(1209, '9599398314', 28.3976762, 77.3129538, 1452149172),
(1210, '9599398314', 28.3976762, 77.3129538, 1452149182),
(1211, '9599398314', 28.3976762, 77.3129538, 1452149191),
(1212, '9599398314', 28.3976762, 77.3129538, 1452149201),
(1213, '9599398314', 28.3976762, 77.3129538, 1452149211),
(1214, '9599398314', 28.3976762, 77.3129538, 1452149222),
(1215, '9599398314', 28.3976762, 77.3129538, 1452149231),
(1216, '9599398314', 28.3976762, 77.3129538, 1452149241),
(1217, '9599398314', 28.3976762, 77.3129538, 1452149251),
(1218, '9599398314', 28.3976762, 77.3129538, 1452149261),
(1219, '9599398314', 28.3976762, 77.3129538, 1452149271),
(1220, '9599398314', 28.3976762, 77.3129538, 1452149281),
(1221, '9599398314', 28.3976762, 77.3129538, 1452149291),
(1222, '9599398314', 28.3976762, 77.3129538, 1452149572),
(1223, '9599398314', 28.3976762, 77.3129538, 1452149582),
(1224, '9599398314', 28.3976762, 77.3129538, 1452149592),
(1225, '9599398314', 28.3976762, 77.3129538, 1452149602),
(1226, '9599398314', 28.3976762, 77.3129538, 1452149612),
(1227, '9599398314', 28.3976762, 77.3129538, 1452149622),
(1228, '9599398314', 28.3976762, 77.3129538, 1452149632),
(1229, '9599398314', 28.3976762, 77.3129538, 1452149642),
(1230, '9599398314', 28.3976762, 77.3129538, 1452149652),
(1231, '9599398314', 28.3976762, 77.3129538, 1452149662),
(1232, '9599398314', 28.3976762, 77.3129538, 1452149672),
(1233, '9599398314', 28.3976762, 77.3129538, 1452149682),
(1234, '9599398314', 28.3976762, 77.3129538, 1452149693),
(1235, '9599398314', 28.3976762, 77.3129538, 1452149702),
(1236, '9599398314', 28.3976762, 77.3129538, 1452149712),
(1237, '9599398314', 28.3976762, 77.3129538, 1452149722),
(1238, '9599398314', 28.3976762, 77.3129538, 1452149732),
(1239, '9599398314', 28.3976762, 77.3129538, 1452149742),
(1240, '9599398314', 28.3976762, 77.3129538, 1452149753),
(1241, '9599398314', 28.3976762, 77.3129538, 1452149762),
(1242, '9599398314', 28.3976762, 77.3129538, 1452149772),
(1243, '9599398314', 28.3976762, 77.3129538, 1452149782),
(1244, '9599398314', 28.3976762, 77.3129538, 1452149792),
(1245, '9599398314', 28.3976762, 77.3129538, 1452149802),
(1246, '9599398314', 28.3976762, 77.3129538, 1452149813),
(1247, '9599398314', 28.3976762, 77.3129538, 1452149822),
(1248, '9599398314', 28.3976762, 77.3129538, 1452149832),
(1249, '9599398314', 28.3976762, 77.3129538, 1452149842),
(1250, '9599398314', 28.3976762, 77.3129538, 1452149852),
(1251, '9599398314', 28.3976762, 77.3129538, 1452149862),
(1252, '9599398314', 28.3976762, 77.3129538, 1452149872),
(1253, '9599398314', 28.3976762, 77.3129538, 1452149883),
(1254, '9599398314', 28.3976762, 77.3129538, 1452149892),
(1255, '9599398314', 28.3976762, 77.3129538, 1452149902),
(1256, '9599398314', 28.3976762, 77.3129538, 1452149912),
(1257, '9599398314', 28.3976762, 77.3129538, 1452149922),
(1258, '9599398314', 28.3976762, 77.3129538, 1452149933),
(1259, '9599398314', 28.3976762, 77.3129538, 1452149942),
(1260, '9599398314', 28.3976762, 77.3129538, 1452149953),
(1261, '9599398314', 28.3976762, 77.3129538, 1452149963),
(1262, '9599398314', 28.3976762, 77.3129538, 1452149973),
(1263, '9599398314', 28.3976762, 77.3129538, 1452149983),
(1264, '9599398314', 28.3976762, 77.3129538, 1452149993),
(1265, '9599398314', 28.3976762, 77.3129538, 1452150003),
(1266, '9599398314', 28.3976762, 77.3129538, 1452150013),
(1267, '9599398314', 28.3976762, 77.3129538, 1452150023),
(1268, '9599398314', 28.3976762, 77.3129538, 1452150033),
(1269, '9599398314', 28.3976762, 77.3129538, 1452150043),
(1270, '9599398314', 28.3976762, 77.3129538, 1452150053),
(1271, '9599398314', 28.3976762, 77.3129538, 1452150064),
(1272, '9599398314', 28.3976762, 77.3129538, 1452150074),
(1273, '9599398314', 28.3976762, 77.3129538, 1452150084),
(1274, '9599398314', 28.3976762, 77.3129538, 1452150094),
(1275, '9599398314', 28.3976762, 77.3129538, 1452150104),
(1276, '9599398314', 28.3976762, 77.3129538, 1452150114),
(1277, '9599398314', 28.3976762, 77.3129538, 1452150124),
(1278, '9599398314', 28.3976762, 77.3129538, 1452150134),
(1279, '9599398314', 28.3976762, 77.3129538, 1452150144),
(1280, '9599398314', 28.3976762, 77.3129538, 1452150154),
(1281, '9599398314', 28.3976762, 77.3129538, 1452150164),
(1282, '9599398314', 28.3976762, 77.3129538, 1452150174),
(1283, '9599398314', 28.3976762, 77.3129538, 1452150184),
(1284, '9599398314', 28.3976762, 77.3129538, 1452150195),
(1285, '9599398314', 28.3976762, 77.3129538, 1452150205),
(1286, '9599398314', 28.3976762, 77.3129538, 1452150215),
(1287, '9599398314', 28.3976762, 77.3129538, 1452150225),
(1288, '9599398314', 28.3976762, 77.3129538, 1452150235),
(1289, '9599398314', 28.3976762, 77.3129538, 1452150245),
(1290, '9599398314', 28.3976762, 77.3129538, 1452150255),
(1291, '9599398314', 28.3976762, 77.3129538, 1452150265),
(1292, '9599398314', 28.3976762, 77.3129538, 1452150275),
(1293, '9599398314', 28.3976762, 77.3129538, 1452150285),
(1294, '9599398314', 28.3976762, 77.3129538, 1452150295),
(1295, '9599398314', 28.3976762, 77.3129538, 1452150305),
(1296, '9599398314', 28.3976762, 77.3129538, 1452150315),
(1297, '9599398314', 28.3976762, 77.3129538, 1452150325),
(1298, '9599398314', 28.3976762, 77.3129538, 1452150337),
(1299, '9599398314', 28.3976762, 77.3129538, 1452150346),
(1300, '9599398314', 28.3976762, 77.3129538, 1452150356),
(1301, '9599398314', 28.3976762, 77.3129538, 1452150367),
(1302, '9599398314', 28.3976762, 77.3129538, 1452150376),
(1303, '9599398314', 28.3976762, 77.3129538, 1452150386),
(1304, '9599398314', 28.3976762, 77.3129538, 1452150396),
(1305, '9599398314', 28.3976762, 77.3129538, 1452150406),
(1306, '9599398314', 28.3976762, 77.3129538, 1452150416),
(1307, '9599398314', 28.3975212, 77.3128535, 1452150428),
(1308, '9599398314', 28.3975095, 77.3128381, 1452235553),
(1309, '9599398314', 28.3975095, 77.3128381, 1452235563),
(1310, '9599398314', 28.3975095, 77.3128381, 1452235573),
(1311, '9599398314', 28.3975095, 77.3128381, 1452235583),
(1312, '9599398314', 28.3975095, 77.3128381, 1452235593),
(1313, '9599398314', 28.3975095, 77.3128381, 1452235603),
(1314, '9599398314', 28.3975095, 77.3128381, 1452235613),
(1315, '9599398314', 28.3975095, 77.3128381, 1452235623),
(1316, '9599398314', 28.3977123, 77.3130815, 1452235633),
(1317, '9599398314', 28.3977123, 77.3130815, 1452235643),
(1318, '9599398314', 28.3977123, 77.3130815, 1452235653),
(1319, '9599398314', 28.3977123, 77.3130815, 1452235663),
(1320, '9599398314', 28.3977123, 77.3130815, 1452235674),
(1321, '9599398314', 28.3977123, 77.3130815, 1452235684),
(1322, '9599398314', 28.3977123, 77.3130815, 1452235694),
(1323, '9599398314', 28.3977123, 77.3130815, 1452235704),
(1324, '9599398314', 28.3977123, 77.3130815, 1452235714),
(1325, '9599398314', 28.3977123, 77.3130817, 1452235725),
(1326, '9599398314', 28.3976803, 77.3130068, 1452237003),
(1327, '9599398314', 28.3977319, 77.3129967, 1452237246),
(1328, '9599398314', 28.3977377, 77.3130373, 1452237550);

-- --------------------------------------------------------

--
-- Table structure for table `tbl_plot_points`
--

CREATE TABLE IF NOT EXISTS `tbl_plot_points` (
  `id` int(11) NOT NULL,
  `latitude` varchar(255) NOT NULL,
  `longitude` varchar(255) NOT NULL
) ENGINE=InnoDB AUTO_INCREMENT=7 DEFAULT CHARSET=latin1;

--
-- Dumping data for table `tbl_plot_points`
--

INSERT INTO `tbl_plot_points` (`id`, `latitude`, `longitude`) VALUES
(1, '19.075984', '72.877656'),
(2, '15.299326', '74.123996'),
(3, '13.082680', '80.270718'),
(4, '22.572646', '88.363895'),
(5, '19.113645', '72.869734'),
(6, '23.7895', '72.67867686');

-- --------------------------------------------------------

--
-- Table structure for table `tbl_roster`
--

CREATE TABLE IF NOT EXISTS `tbl_roster` (
  `identifier` int(11) NOT NULL,
  `filename` varchar(255) NOT NULL,
  `operatorid` int(11) NOT NULL,
  `createdon` int(11) NOT NULL
) ENGINE=InnoDB AUTO_INCREMENT=40 DEFAULT CHARSET=latin1;

--
-- Dumping data for table `tbl_roster`
--

INSERT INTO `tbl_roster` (`identifier`, `filename`, `operatorid`, `createdon`) VALUES
(1, '1452327465_roster1.xlsx', 2, 1452327465),
(2, '1452338359_roster1.xlsx', 2, 1452338359),
(3, '1452338443_roster1.xlsx', 2, 1452338443),
(4, '1452338507_roster1.xlsx', 2, 1452338507),
(5, '1452497922_roster1.xlsx', 2, 1452497922),
(6, '1452756049_roster1.xlsx', 8, 1452756049),
(7, '1452756319_roaster.xlsx', 2, 1452756319),
(8, '1452758198_roaster.xlsx', 2, 1452758198),
(9, '1452759856_roaster.xlsx', 2, 1452759856),
(10, '1452761291_roster1.xlsx', 2, 1452761291),
(11, '1452761444_roster1.xlsx', 2, 1452761444),
(12, '1452761548_roster1.xlsx', 2, 1452761548),
(13, '1452761610_roster1.xlsx', 2, 1452761610),
(14, '1452762001_roster1.xlsx', 2, 1452762001),
(15, '1452765975_Copy of roster1.xlsx', 2, 1452765975),
(16, '1452768665_Copy of roster1.xlsx', 2, 1452768665),
(17, '1452836677_roster1.xlsx', 2, 1452836677),
(18, '1452836727_roster1.xlsx', 2, 1452836727),
(19, '1452836819_roster1.xlsx', 2, 1452836819),
(20, '1452845415_roster1.xlsx', 2, 1452845415),
(21, '1452846705_roster1.xlsx', 2, 1452846705),
(22, '1452846880_roster1.xlsx', 2, 1452846880),
(23, '1452846927_roster1.xlsx', 2, 1452846927),
(24, '1452846991_roster1.xlsx', 2, 1452846991),
(25, '1452848009_roster1.xlsx', 2, 1452848009),
(26, '1452848173_roster1.xlsx', 2, 1452848173),
(27, '1452860358_roster1.xlsx', 2, 1452860358),
(28, '1452860445_roster1.xlsx', 2, 1452860445),
(29, '1452860590_roster1.xlsx', 2, 1452860590),
(30, '1452860788_roster1.xlsx', 2, 1452860788),
(31, '1452861799_roster1.xlsx', 2, 1452861799),
(32, '1452863235_roster1.xlsx', 2, 1452863235),
(33, '1452863330_roster1.xlsx', 2, 1452863330),
(34, '1452863834_roster1.xlsx', 2, 1452863834),
(35, '1452863891_roster1.xlsx', 2, 1452863891),
(36, '1452944013_roster1.xlsx', 2, 1452944013),
(37, '1452944078_roster1.xlsx', 2, 1452944078),
(38, '1452944319_roster1.xlsx', 2, 1452944319),
(39, '1452944457_roster1.xlsx', 2, 1452944457);

-- --------------------------------------------------------

--
-- Table structure for table `tbl_user`
--

CREATE TABLE IF NOT EXISTS `tbl_user` (
  `identifier` int(11) NOT NULL,
  `name` varchar(255) NOT NULL,
  `email` varchar(255) NOT NULL,
  `password` varchar(255) NOT NULL,
  `phone` varchar(255) NOT NULL,
  `city` varchar(255) NOT NULL,
  `type` varchar(255) NOT NULL,
  `createdon` int(11) NOT NULL,
  `updatedon` int(11) NOT NULL,
  `updatedby` varchar(255) NOT NULL,
  `is_active` enum('Y','N') NOT NULL
) ENGINE=MyISAM AUTO_INCREMENT=11 DEFAULT CHARSET=latin1;

--
-- Dumping data for table `tbl_user`
--

INSERT INTO `tbl_user` (`identifier`, `name`, `email`, `password`, `phone`, `city`, `type`, `createdon`, `updatedon`, `updatedby`, `is_active`) VALUES
(1, 'Admin', 'admin@dummyid.com', '21232f297a57a5a743894a0e4a801fc3', '', '', 'admin', 0, 0, '', 'Y'),
(2, 'Aashish Manocha', 'aashish@dynakode.com', '97142b40f59fdefd046a3c3e018c7a57', '9310723000', 'Faridabad', 'operator', 1450879152, 1452759351, '1', 'Y'),
(4, 'Pranav', 'pranav@dummyid.com', '97142b40f59fdefd046a3c3e018c7a57', '9999999999', 'Delhi', 'operator', 1450934081, 1452754532, '1', 'N'),
(5, 'asa', 'as@dummyid.com', 'd8578edf8458ce06fbc5bb76a58c5ca4', '1231231231', 'as', 'operator', 1450935380, 1452754528, '1', 'N'),
(6, 'Sinha Car Rental', 'puneet@dynakode.com', '97142b40f59fdefd046a3c3e018c7a57', '9899299099', 'Delhi', 'transportar', 1450936545, 1452759326, '2', 'Y'),
(7, 'Transporter 1', 'parul@quarterpie.com', '0796733a0dd3a438ecf10528211833ab', '1234567890', 'Delhi', 'transportar', 1450942397, 1451117595, '9', 'Y'),
(8, 'Test', 'mum@dummyid.com', '3e856f17b930bc83b2bed99c801e107e', '1231231231', 'Mumbai', 'operator', 1450945881, 1450957771, '1', 'Y'),
(9, 'Opt1', 'opt1@dummyid.com', '97142b40f59fdefd046a3c3e018c7a57', '8989898989', 'delhi', 'operator', 1451113761, 1451115850, '1', 'Y'),
(10, 'Trans1', 'trans1@dummyid.com', '97142b40f59fdefd046a3c3e018c7a57', '7878787878', 'delhi', 'transportar', 1451115084, 1451115980, '9', 'Y');

--
-- Indexes for dumped tables
--

--
-- Indexes for table `Account related`
--
ALTER TABLE `Account related`
  ADD PRIMARY KEY (`identifier`);

--
-- Indexes for table `account_tbl`
--
ALTER TABLE `account_tbl`
  ADD PRIMARY KEY (`identifier`);

--
-- Indexes for table `cashbag_user`
--
ALTER TABLE `cashbag_user`
  ADD PRIMARY KEY (`identifier`);

--
-- Indexes for table `ola_report`
--
ALTER TABLE `ola_report`
  ADD PRIMARY KEY (`identifier`);

--
-- Indexes for table `ola_report_data`
--
ALTER TABLE `ola_report_data`
  ADD PRIMARY KEY (`identifier`);

--
-- Indexes for table `route_excel`
--
ALTER TABLE `route_excel`
  ADD PRIMARY KEY (`identifier`);

--
-- Indexes for table `route_excel_data`
--
ALTER TABLE `route_excel_data`
  ADD PRIMARY KEY (`identifier`);

--
-- Indexes for table `school_images`
--
ALTER TABLE `school_images`
  ADD PRIMARY KEY (`identifier`);

--
-- Indexes for table `school_table`
--
ALTER TABLE `school_table`
  ADD PRIMARY KEY (`identifier`);

--
-- Indexes for table `tbl_accountrelated`
--
ALTER TABLE `tbl_accountrelated`
  ADD PRIMARY KEY (`identifier`);

--
-- Indexes for table `tbl_booking`
--
ALTER TABLE `tbl_booking`
  ADD PRIMARY KEY (`identifier`);

--
-- Indexes for table `tbl_booking_details`
--
ALTER TABLE `tbl_booking_details`
  ADD PRIMARY KEY (`identifier`);

--
-- Indexes for table `tbl_booking_track`
--
ALTER TABLE `tbl_booking_track`
  ADD PRIMARY KEY (`identifier`);

--
-- Indexes for table `tbl_cars`
--
ALTER TABLE `tbl_cars`
  ADD PRIMARY KEY (`identifier`);

--
-- Indexes for table `tbl_car_phone`
--
ALTER TABLE `tbl_car_phone`
  ADD PRIMARY KEY (`identifier`);

--
-- Indexes for table `tbl_configuration`
--
ALTER TABLE `tbl_configuration`
  ADD PRIMARY KEY (`identifier`);

--
-- Indexes for table `tbl_devicerelated`
--
ALTER TABLE `tbl_devicerelated`
  ADD PRIMARY KEY (`identifier`);

--
-- Indexes for table `tbl_drivers`
--
ALTER TABLE `tbl_drivers`
  ADD PRIMARY KEY (`identifier`);

--
-- Indexes for table `tbl_employee`
--
ALTER TABLE `tbl_employee`
  ADD PRIMARY KEY (`identifier`);

--
-- Indexes for table `tbl_emp_trans_relation`
--
ALTER TABLE `tbl_emp_trans_relation`
  ADD PRIMARY KEY (`identifier`);

--
-- Indexes for table `tbl_feedback`
--
ALTER TABLE `tbl_feedback`
  ADD PRIMARY KEY (`identifier`);

--
-- Indexes for table `tbl_gcm_token`
--
ALTER TABLE `tbl_gcm_token`
  ADD PRIMARY KEY (`identifier`);

--
-- Indexes for table `tbl_mobile_location`
--
ALTER TABLE `tbl_mobile_location`
  ADD PRIMARY KEY (`identifier`);

--
-- Indexes for table `tbl_plot_points`
--
ALTER TABLE `tbl_plot_points`
  ADD PRIMARY KEY (`id`);

--
-- Indexes for table `tbl_roster`
--
ALTER TABLE `tbl_roster`
  ADD PRIMARY KEY (`identifier`);

--
-- Indexes for table `tbl_user`
--
ALTER TABLE `tbl_user`
  ADD PRIMARY KEY (`identifier`);

--
-- AUTO_INCREMENT for dumped tables
--

--
-- AUTO_INCREMENT for table `Account related`
--
ALTER TABLE `Account related`
  MODIFY `identifier` int(11) NOT NULL AUTO_INCREMENT;
--
-- AUTO_INCREMENT for table `account_tbl`
--
ALTER TABLE `account_tbl`
  MODIFY `identifier` int(11) NOT NULL AUTO_INCREMENT,AUTO_INCREMENT=3;
--
-- AUTO_INCREMENT for table `cashbag_user`
--
ALTER TABLE `cashbag_user`
  MODIFY `identifier` int(11) NOT NULL AUTO_INCREMENT,AUTO_INCREMENT=62;
--
-- AUTO_INCREMENT for table `ola_report`
--
ALTER TABLE `ola_report`
  MODIFY `identifier` int(11) NOT NULL AUTO_INCREMENT,AUTO_INCREMENT=3;
--
-- AUTO_INCREMENT for table `ola_report_data`
--
ALTER TABLE `ola_report_data`
  MODIFY `identifier` int(11) NOT NULL AUTO_INCREMENT,AUTO_INCREMENT=1296;
--
-- AUTO_INCREMENT for table `route_excel`
--
ALTER TABLE `route_excel`
  MODIFY `identifier` int(11) NOT NULL AUTO_INCREMENT,AUTO_INCREMENT=6;
--
-- AUTO_INCREMENT for table `route_excel_data`
--
ALTER TABLE `route_excel_data`
  MODIFY `identifier` int(11) NOT NULL AUTO_INCREMENT,AUTO_INCREMENT=44;
--
-- AUTO_INCREMENT for table `school_images`
--
ALTER TABLE `school_images`
  MODIFY `identifier` int(11) NOT NULL AUTO_INCREMENT,AUTO_INCREMENT=9;
--
-- AUTO_INCREMENT for table `school_table`
--
ALTER TABLE `school_table`
  MODIFY `identifier` int(11) NOT NULL AUTO_INCREMENT,AUTO_INCREMENT=4;
--
-- AUTO_INCREMENT for table `tbl_accountrelated`
--
ALTER TABLE `tbl_accountrelated`
  MODIFY `identifier` int(11) NOT NULL AUTO_INCREMENT,AUTO_INCREMENT=42;
--
-- AUTO_INCREMENT for table `tbl_booking`
--
ALTER TABLE `tbl_booking`
  MODIFY `identifier` int(11) NOT NULL AUTO_INCREMENT,AUTO_INCREMENT=11;
--
-- AUTO_INCREMENT for table `tbl_booking_details`
--
ALTER TABLE `tbl_booking_details`
  MODIFY `identifier` int(11) NOT NULL AUTO_INCREMENT,AUTO_INCREMENT=7;
--
-- AUTO_INCREMENT for table `tbl_booking_track`
--
ALTER TABLE `tbl_booking_track`
  MODIFY `identifier` int(11) NOT NULL AUTO_INCREMENT;
--
-- AUTO_INCREMENT for table `tbl_cars`
--
ALTER TABLE `tbl_cars`
  MODIFY `identifier` int(11) NOT NULL AUTO_INCREMENT,AUTO_INCREMENT=10;
--
-- AUTO_INCREMENT for table `tbl_car_phone`
--
ALTER TABLE `tbl_car_phone`
  MODIFY `identifier` int(11) NOT NULL AUTO_INCREMENT,AUTO_INCREMENT=9;
--
-- AUTO_INCREMENT for table `tbl_configuration`
--
ALTER TABLE `tbl_configuration`
  MODIFY `identifier` int(11) NOT NULL AUTO_INCREMENT,AUTO_INCREMENT=2;
--
-- AUTO_INCREMENT for table `tbl_devicerelated`
--
ALTER TABLE `tbl_devicerelated`
  MODIFY `identifier` int(11) NOT NULL AUTO_INCREMENT;
--
-- AUTO_INCREMENT for table `tbl_drivers`
--
ALTER TABLE `tbl_drivers`
  MODIFY `identifier` int(11) NOT NULL AUTO_INCREMENT,AUTO_INCREMENT=12;
--
-- AUTO_INCREMENT for table `tbl_employee`
--
ALTER TABLE `tbl_employee`
  MODIFY `identifier` int(11) NOT NULL AUTO_INCREMENT,AUTO_INCREMENT=6;
--
-- AUTO_INCREMENT for table `tbl_emp_trans_relation`
--
ALTER TABLE `tbl_emp_trans_relation`
  MODIFY `identifier` int(11) NOT NULL AUTO_INCREMENT,AUTO_INCREMENT=23;
--
-- AUTO_INCREMENT for table `tbl_feedback`
--
ALTER TABLE `tbl_feedback`
  MODIFY `identifier` int(11) NOT NULL AUTO_INCREMENT,AUTO_INCREMENT=4;
--
-- AUTO_INCREMENT for table `tbl_gcm_token`
--
ALTER TABLE `tbl_gcm_token`
  MODIFY `identifier` int(11) NOT NULL AUTO_INCREMENT,AUTO_INCREMENT=25;
--
-- AUTO_INCREMENT for table `tbl_mobile_location`
--
ALTER TABLE `tbl_mobile_location`
  MODIFY `identifier` int(11) NOT NULL AUTO_INCREMENT,AUTO_INCREMENT=1329;
--
-- AUTO_INCREMENT for table `tbl_plot_points`
--
ALTER TABLE `tbl_plot_points`
  MODIFY `id` int(11) NOT NULL AUTO_INCREMENT,AUTO_INCREMENT=7;
--
-- AUTO_INCREMENT for table `tbl_roster`
--
ALTER TABLE `tbl_roster`
  MODIFY `identifier` int(11) NOT NULL AUTO_INCREMENT,AUTO_INCREMENT=40;
--
-- AUTO_INCREMENT for table `tbl_user`
--
ALTER TABLE `tbl_user`
  MODIFY `identifier` int(11) NOT NULL AUTO_INCREMENT,AUTO_INCREMENT=11;
/*!40101 SET CHARACTER_SET_CLIENT=@OLD_CHARACTER_SET_CLIENT */;
/*!40101 SET CHARACTER_SET_RESULTS=@OLD_CHARACTER_SET_RESULTS */;
/*!40101 SET COLLATION_CONNECTION=@OLD_COLLATION_CONNECTION */;
